"@Wolfgang Stuermer","I'm at HEG in HÃ¼rth bCoCGfYPSx","50.88384132","6.89990355",""
"@Monica Castaneda","A Boy Brushed Red Living in Black and White â¤ï¸ #lp #Underoath #RebirthTourâ€¦ qgyNSRwjOZ","37.78268","-122.41033",""
"@Xavier Antetokounmpo","@Enable eat some tacos","39.74682523","-104.90398516",""
"@Matt Rees","Rained though the night and all morning. Feeling quite at home and have put on a fleece.","0.8409708","32.3608837",""
"@ï½”ï½ï½†ï½• â™¡","à¸« à¸¡à¸¹ à¸« à¸¡à¸¹ @ à¸„à¸£à¸±à¸§à¸§à¸¸à¹‰à¸™à¹€à¸”à¸·à¸­à¸™à¹€à¸à¹‡à¸ PNVzPzdtRD","17.878846","102.74055501",""
"@Bern Madrigal","@iflixph making a diabolical plan lol","14.4997601","120.9905064",""
"@Paolo Cayco","04.01.2016 | Swimming with Baby Sage! ğŸŠ #anvayacove #swimming #summer @ Anvaya Cove Beach andâ€¦ b1S3jzuDsF","14.72154446","120.2563066",""
"@PAISH","To kk âœˆï¸ ğŸ’• (@ Penang International Airport (PEN) - @my_airports in Bayan Lepas, Penang w/ @amirafarhana11) WgnmdW5fx3","5.29273222","100.26576877",""
"@AAR","It was a bummer that we couldn't get to the Obersee Lake since it'll only be open during theâ€¦ HKRe1I9il8","47.6","13.0",""
"@Maria Francesca","Tanto non mi scappi @ Lake Nemi 3o4EE0dmxo","41.71222222","12.7025",""
"@Canela Show Factory","#theshowfestival  #princeroyce #gentedezona  #donomar : Les meilleures photos latinas duâ€¦ vFcF7A6ODu","47.40474649","8.40237221",""
"@Chans","ft. @iloveuluan slippers @ BoxPark Dubai YoNhTfebpr","25.20030658","55.24935657",""
"@Micael #Timbeta","I'm at MercadÃ£o da EletrÃ´nica eBzZpdsYrp","-1.40870933","-48.43715074",""
"@mild.","à¹à¸®à¹ˆ!! @ à¸£à¸.à¸¥à¸²à¸”à¸à¸£à¹‰à¸²à¸§ - LadPrao Hospital UcDz3dPZgF","13.77854739","100.62358264",""
"@The Hollerbach","CÃ¡ estou na rodoviÃ¡ria, Ã s 5h da matina com esperanÃ§a de reaver a minha chave :)","-18.245144","-43.5994606",""
"@â™¿ Arnd J. KÃ¤stner â™¿","Ein gelungener #Aprilscherz ğŸ˜‚

Ir56sgeMOl","50.9470247","6.8765751",""
"@RJFK METAR","RJFK 010800Z 33016KT 9999 FEW030 18/12 Q1011","31.8","130.721667",""
"@Strasser Creations","Personal experiences for my new pieces  GNE0Qs6Haa","53.4083714","-2.9915726",""
"@J A L A P E Ã‘ O.","I've been waiting for love. Hahaha. :D","10.9590292","123.1262273",""
"@SAIDA","El dÃ­a de la despedidaÂ de esta playa de mi vidaÂ te hice unaâ€¦ QkvjtJGTJM","43.31989924","-1.9853443",""
"@ã‚†ã£ã‘ã•ã‚“","#ã‚°ãƒ«ãƒ¼ãƒ—é¢æ¥ğŸ’¦
#ãŠç–²ã‚ŒğŸŒŸ
#ä»Šã‹ã‚‰å¸°ã‚‹â˜€ï¸ @ Beck's 0i2lSZhbgn","35.69061884","139.70051268",""
"@SMF CATERING","Gnocchi, cauliflower purÃ©e, romanesco #food #gnocchi #working @ Down Hall Country House Hotel pd7zU5Qdla","51.79607281","0.20644756",""
"@Peteru_Ğ„leniyan","Woz all deez sturv .  Stop it now. I know deez Josie's handiwork @ Oluyole Estate Ring Road Ibadan. WfmKSTAaTU","7.36473565","3.85781564",""
"@Micicho","I'm at SuperPro Base Camp. ""Paramount Plaza 3th FL"" in Tangerang, Banten 5rTLlMtktE","-6.243541","106.62836",""
"@Mark Ng","ãŠè…¹ã„ã£ã±ã„ï¼#tokyo @ å…­å˜èˆTOKYO sbFr999XgV","35.68010438","139.76835853",""
"@Payy","Hoamm (at @mkglapiazza) â€” rGiulCzrN9","-6.15677","106.90994",""
"@PeVitaPasha(â—¦Ë† âŒ£ Ë†â—¦)","Lht org tor tor jah jd lah. Untk mnghbur. :D hihihih @Glory Gedung serbaguna. *Pesta Bona Taon Toga torop* 2016","0.51659","101.5003",""
"@bandar_mahardika","BALADA aku, kamu dan cinta ğŸ˜ğŸ˜ğŸ˜","-7.6873106","110.8406336",""
"@PANDA","habiskan duit (@ Batu Pahat Mall in Batu Pahat, Johor) d1T2jg8tLc","1.86389893","102.962621",""
"@à¸¡à¸¶à¹Šà¸à¹€à¸—à¸µà¸¢","I'm at Enconcept (à¹€à¸­à¹‡à¸™à¸„à¸­à¸™à¹€à¸‹à¹‡à¸›à¸•à¹Œ) in Khon Kaen, Changwat Khon Kaen ztkOnrimDe","16.41758007","102.83243957",""
"@YOKA","Mandi bola âš½ï¸ğŸ€ğŸğŸ±âš¾ï¸ğŸ¾ (with Iqbalarenza at @plazamedanfair) â€” ymjLAFgCL9","3.59252","98.66385",""
"@æ°—è±¡ã†ã•ã:æ°´æˆ¸","ã€17:00æ™‚ç‚¹ 10.1â„ƒ 62ï¼… 0cmã€‘
14.8~7.3â„ƒ
â˜…æ³¨æ„å ±:ä¹¾ç‡¥
ï¼èŒ¨åŸçœŒæ°´æˆ¸å¸‚ #mito #æ°´æˆ¸ 17Alx1PvOH","36.38","140.46666667","ï¼èŒ¨åŸçœŒ"
"@Bekir Ã‡ALIÅKAN","I'm at Ã‡apa Dental - @capakurumsal in Istanbul w/ @crisismangment RoFltGJ7ZX","41.01327409","28.93810063",""
"@DoubleFProject","DEZAFADINE plastik tali cangklong warna putih merah size 30x30cm
min order 500pcs (boleh campurâ€¦ 21LHi0LQ3X","-7.75884","110.43332",""
"@kcrameshraja","dear friends,
Wish u prosperous financial New Year 2016-17: K.C.Ramesh raja .kcr textile machinery","14.12216357","100.61789541",""
"@Charles Tan00","I'm at Tesco Car Park in Kota Bharu, Kelantan EAD9kFZQxH","6.11505938","102.23175287",""
"@Yuki â™¥","Rawr

#snap #snapchat #animal @ SÃ£o Paulo, Brazil 1MTVV1TRHO","-23.55","-46.6333",""
"@Josh McLove","#amerfort  #Jaipur #rajasthan - My #india #holiday #topten #joshmclove  #indianadventuresâ€¦ htCj7ZNYOS","26.9859","75.8507",""
"@HLMCZ","YESS!! TANGGAL 1 ğŸ˜‰ - Bubble Trouble (at Kopkar Gatra Pelita PT. PLN (Persero) AP2B Suleslrebar) â€” Mn3OabAqJL","-5.16582","119.44791",""
"@Zaza","Kamu idolaku.......... ğŸ” (with Nur, Christy M, and Thalia at @ayamgeprekidola) â€” CdAooTicz1","-6.99817","110.4258",""
"@every lot chicago","6687 North Olympia Avenue JsEMcWXCzg","42.00219","-87.81317",""
"@Jayson Remoroza","Ang nawng nako Hahaha with @alvinpatrimonio  ğŸ˜‚ğŸ˜‚ #PBA #Patrimonio @â€¦ FbOB7X76A8","7.07306","125.613",""
"@Kaye Xx","Thesis defense done! ğŸ˜ğŸ˜„ğŸ’ªâ¤ @ Baliuag University Main Campus ZVYH9nQFOL","14.95271487","120.8977511",""
"@Ayaha  Furukawa","I'm at ã‚³ã‚¹ãƒˆã‚³ äº¬éƒ½å…«å¹¡å€‰åº«åº— - @costco in å…«å¹¡å¸‚, äº¬éƒ½åºœ Xy3asPkl7v","34.84095892","135.7149623","äº¬éƒ½åºœ"
"@#TELTONICKdj","Ja neh it a friday","-29.81266","30.62346",""
"@Niott","â¤ï¸â¤ï¸ â˜… Batman v Superman: Dawn of Justice (with Egia and enda at Centre point The Premiere) â€” KeGfYpcpAe","3.59195","98.68347",""
"@ainifrn","Hbd titikakayusna! (with amelya, Bonitama, and 4 others at Aunties House) â€” nfP8hdgYkP","0.50101","101.43658",""
"@TMJ-INH IT Jobs","#Hyderabad #IT #Job: Applications Developer 2 at Oracle see9ip5ytm #Jobs #Hiring #CareerArc","17.385044","78.486671",""
"@Kwaku Adinkra","Thanks to all who came to watch me perform yeternight, God bless you for the support. ğŸ˜ŠğŸ˜Š
And toâ€¦ L4R2gZ96PI","5.65083333","-0.18694444",""
"@novieee â˜","Got jelly mamaya 
Uuwi ako mamaya","10.6406004","122.2265668",""
"@Ardila","Bibimbap ğŸ˜š (@ Dubuyo in Seremban, Negeri Sembilan) jUDXFppJE5","2.71972517","101.94049871",""
"@Isabel Garcia","ĞœĞ°Ğ»ĞµĞ½ÑŒĞºĞ¾Ğµ Ñ‡ĞµÑ€Ğ½Ğ¾Ğµ Ğ¿Ğ»Ğ°Ñ‚ÑŒĞµ, Ğ² Ğ¸ÑĞ¿Ğ¾Ğ»Ğ½ĞµĞ½Ğ¸Ğ¸ Ğ´Ğ¸Ğ·Ğ°Ğ¹Ğ½ĞµÑ€Ğ¾Ğ² Ğ¼Ğ°Ñ€ĞºĞ¸ Isabel Garcia, Ğ²Ñ‹Ğ³Ğ»ÑĞ´Ğ¸Ñ‚ Ğ´Ğ¾ÑÑ‚Ğ°Ñ‚Ğ¾Ñ‡Ğ½Ğ¾â€¦ vyvo9ZAnvf","46.4667","30.7333",""
"@IG Imandra","At The Park Mall â€” jQgKVy8Lce","-7.59904","110.8145",""
"@Antonio Fucito â‹","Volevo lodare i follower di Twitter: persone splendide, ho avuto la fortuna di conoscere alcuni di voi anche dal vivo...
.
.
PESCE D'APRILE!","42.56618527","12.59267916",""
"@Swastika Dewi Meiga","Hmmm antri (with Dewa Ayu Putu at Oriflame Office Surabaya) â€” FEM3I3EtfP","-7.26865","112.74032",""
"@Ø±ÙˆØ¶Ù‘Ù‡","-6 ÙŠØ§ÙˆØ§Ø­Ø´Ù†ÙŠ ğŸ˜¢ğŸ’œğŸ’œğŸ’œ. @XK2JX1","25.31549282","51.46076177",""
"@bahruddin nurul imam","@zaidamyzhie ooh sperti itu, siip","-6.12612613","106.80813828",""
"@BB RADIO Playlist","#nowplaying #israel""iz""kamakawiwoole ~ Israel ""Iz"" Kamakawiwo'ole | Somewhere Over The Rainbow / What A Wonderful World ||| #bbradio","52.381905","13.1199934",""
"@â€¢ViVi","I'm at à¸­à¸²à¸„à¸²à¸£à¸ªà¸±à¸‡à¸„à¸¡à¸¨à¸²à¸ªà¸•à¸£à¹Œ2 à¸£à¸£.à¸¨à¸£à¸µà¸ªà¸°à¹€à¸à¸©à¸§à¸´à¸—à¸¢à¸²à¸¥à¸±à¸¢ VZXkEJygvg","15.11063048","104.32469913",""
"@MarYah Miller","Flo Rida #tracerequest","-30.9155931","28.9870822",""
"@fahri karaÃ§uha","I'm at Breanna & Prado in Sivas, Merkez w/ @kaanagbabaa OMP34BPQhs","39.74840126","37.0172467",""
"@Dewi Panji Ramadhani","Dikamar sendirian ditemeninâ€¦ â™« How Deep Is Your Love by @duttypaul (at Kos Putri Graha Edelweiss Lamper Tengah) â€” fNGbPAAxMb","-7.0027","110.44461",""
"@Mr Morgan","Armor is on and fitted... #Amen #GODisGREAT @ Inglewood Califormia FUKM951PWI","33.96321657","-118.34725907",""
"@Hanim Shari","Sundae oren (@ McDonald's / McCafÃ© in Alor Star, Kedah) bRAA5C1jAC","6.12505287","100.36690955",""
"@tiisganda","ğŸ§ dark sideğŸ§
Top: black tee 
Shoes:  golddotshop
Bottom: forever21 
Watch: casio

#ootdâ€¦ iWUMsEmsFt","14.53323841","121.05190277",""
"@æœ€é«˜ã§ã—ãŸbot","ãã¤ã­ã‹ã‚ã„ã„ï¼ï¼ï¼(1594å›ç›®)","34.967096","135.772691",""
"@Mary Greenwell","Outtake of gorgeous #UmaThurman #CampariCalender #April2014 asbingemann csbillik m/uâ€¦ mc28RqTL3J","51.44503629","-0.415762",""
"@Fatteyha","I'm at Bangi Sentral in Bangi, Selangor kmHF7GyBOf","2.96229796","101.75449075",""
"@âphob@æ±äº¬â","Guyssss, I think I found the Ueno bakery Harky featured in that one chapter of Beautiful Disaster aaaaaAAA vX80ss9K7K","35.7107243","139.7743819",""
"@GooGuns Lulz","a07cf5e89e2c65a9a79ea651866b606d878e359c55f71feb47b5e30fff51ec7af812c6f0884204f2db6ba0a1809c123691d4118b48358f9ec2e68873ae5601ed0937f4000000","-26.05335732","166.15932529",""
"@idaÄŸ","Kardemir kuruluÅŸ yÄ±ldÃ¶nÃ¼mÃ¼ etkinlikleri baÅŸladÄ±. 1-2-3 Nisan âš™âš’â›“ğŸ”©ğŸ”§â€¦ PpucfRn5Id","41.18177865","32.63480726",""
"@Nuray SayarÄ±","Benim arkadaÅŸÄ±m 1 numara @tugbaberinn @ NiÅŸantaÅŸÄ± I0YBeBs1vd","41.05181202","28.99135237",""
"@Mira","Ğ£ Ğ¼ĞµĞ½Ñ Ñ…Ğ¾Ñ€Ğ¾ÑˆĞµĞµ Ğ½Ğ°ÑÑ‚Ñ€Ğ¾ĞµĞ½Ğ¸Ğµ. Ğ˜Ğ´Ñƒ Ğ¿Ğ¾ Ğ´Ğ¾Ñ€Ğ¾Ğ³Ğµ Ğ¸ Ğ´ĞµĞ»Ğ°Ñ Ñ„Ğ¾Ñ‚Ğ¾Ğ³Ñ€Ğ°Ñ„Ğ¸Ğ¸. ĞĞ° Ğ¼ĞµĞ½Ñ ÑĞ¼Ğ¾Ñ‚Ñ€ÑÑ‚, ĞºĞ°Ğº Ğ½Ğ° Ğ´ÑƒÑ€Ğ¾Ñ‡ĞºÑƒ âœŒ Ku0yatbCYK","53.4826164","92.0903563",""
"@T.Veronica","ĞœĞ¾Ğ»Ğ¾Ğ´Ğ¾ Ğ·ĞµĞ»ĞµĞ½Ğ¾ ğŸŒ³ğŸŒ¿ğŸŒ³ğŸŒ¿ğŸŒ³ #Ğ°Ğ¿Ñ€ĞµĞ»ÑŒ2016 #Ğ´Ğ¾Ğ¶Ğ´Ğ»Ğ¸Ğ²Ğ¾ĞµÑƒÑ‚Ñ€Ğ¾ #Ğ´Ğ¾Ğ±Ñ€Ğ°ÑĞ²ĞµÑĞ½Ğ°â€¦ JGD9FXKfhR","43.24423538","76.89547101",""
"@MarcelinoLatuputtyâ—¢â—¤","I'm at @GramediaBooks in Yogyakarta, DI Yogyakarta Vv4YpPCGzl","-7.78334562","110.37446737",""
"@MNL","Direct message me #memphis #tennessee #jackson #arkansas #pinebluff #Uapb #ucla #uam #astateâ€¦ nJP11Fc2wP","35.06793421","-89.96508564",""
"@Kimberly Cabalang","Edukasyon sa lahat 'di magawang pagbigyan.","14.65690986","120.96849093",""
"@kursad devrim","I'm at MecidiyekÃ¶y - @sislibelediyesi in ÅiÅŸli, Ä°stanbul YUY3j9FHGd","41.06645792","28.99558067",""
"@PÂ®aÂ¥ Â°Â°","à¹€à¸Šà¹‰à¸² à¸šà¹ˆà¸²à¸¢ à¹€à¸¢à¹‡à¸™ à¸„à¸·à¸­à¹€à¸à¸¥à¸µà¸¢
#à¸„à¸´à¸”à¸ˆà¸°à¸à¸±à¸à¸„à¸´à¸”à¸–à¸¶à¸‡F ğŸ˜¤ @ Business Building 4 RMUTT ffqyHH9NQH","14.03747336","100.7310197",""
"@Lucas Eduardo (Luke)","ğŸ˜ ğŸ‘ @ Caruaru 4FEXuszaoR","-8.2828","-35.9758",""
"@Raghu 3.142","I'm at Mohan Barber Shop in Ayer Keroh, Melaka 9R8jmNFUsd","2.25902466","102.28850817",""
"@Ercan Atay","En aktif kullanÄ±lan dijital medya araÃ§larÄ± @ Andromed Estetik hFhKwKKTfV","41.0977669","29.0914745",""
"@Ğ¡Ğ¾Ğ½Ñ","I'm at ĞĞ»Ğ»Ğ°Ğ´Ğ¸Ğ½ (ĞšĞ¾Ñ„ĞµĞ¹Ğ½Ñ) in Yuzhno-Sakhalinsk, Sakhalinskaya oblast Xq0RODE2iO","46.96458532","142.74645375",""
"@CarolineTunnellJones","15 years old and looking the goods #mountmajura #canberra @ Roi Apartments wBRECVrhCr","-37.78452472","144.97793181",""
"@M3 Hair And Beauty","Appointments available in both the hair and beauty salon, book now to avoid disappointment.â€¦ zWrVM9IbSx","53.48107139","-2.24871269",""
"@Daniel Fong","Hello #osaka #sakura in full bloom here. Saw them on our way to the hotel. So #beautiful @ Theâ€¦ https://t.co/GQHnp3OiMh","34.68328499","135.50125597",""
