東京都:東京,7
東京都:秋葉原,5
岐阜県:鵜沼,4
愛知県:名古屋,3
京都府:京都,3
神奈川県:横浜,3
愛知県:ナゴヤドーム,3
東京都:御茶ノ水,3
東京都:池袋,3
東京都:Kichijōji,2
東京都:品川,2
大阪府:難波,2
東京都:シティ,2
愛知県:ビル,2
東京都:プラザ,2
東京都:上野,2
東京都:イト,2
東京都:ダイバー,2
兵庫県:宝塚,2
兵庫県:ファミリーマート,2
岐阜県:名鉄,2
岐阜県:ホーム,2
福岡県:地下鉄,2
愛知県:センター,2
宮城県:仙台,2
愛知県:劇場,2
東京都:中央,2
神奈川県:川崎,2
東京都:東京ドーム,2
神奈川県:横浜ビブレ,2
東京都:吉祥寺,2
静岡県:静岡,2
大阪府:なんば,2
大阪府:劇場,2
愛知県:名鉄,2
埼玉県:鶴瀬,2
東京都:本店,2
東京都:新宿,2
東京都:カルチャーズ,1
茨城県:イト,1
新潟県:新潟,1
東京都:高田,1
京都府:鴨川,1
東京都:板橋,1
滋賀県:桜川,1
福島県:福島,1
静岡県:浜松,1
愛知県:曽川,1
愛知県:新木,1
宮城県:若林,1
福島県:プラント,1
福島県:会津,1
滋賀県:蒲生,1
大阪府:阪急,1
東京都:台場,1
東京都:マクドナルド,1
神奈川県:関内,1
兵庫県:セブン,1
東京都:タワー,1
鹿児島県:弥五郎,1
東京都:本木,1
東京都:渋谷,1
東京都:日比谷,1
愛知県:マクドナルド,1
愛知県:上社,1
東京都:タウン,1
兵庫県:ライン,1
東京都:西早稲田,1
茨城県:水戸,1
兵庫県:北口,1
大阪府:梅田,1
岩手県:高田,1
愛知県:ワンダーシティ,1
東京都:馬場,1
栃木県:駒生,1
埼玉県:秩父,1
宮城県:壱番屋,1
千葉県:流山,1
福岡県:博多,1
愛知県:金山,1
東京都:酒家,1
兵庫県:インター,1
千葉県:ロフト,1
山形県:イレブン,1
滋賀県:ローソン,1
神奈川県:原城,1
東京都:目黒,1
広島県:広島,1
東京都:神社,1
東京都:スタジアム,1
神奈川県:新宿,1
大阪府:大阪,1
大阪府:万博,1
神奈川県:武蔵,1
大阪府:ユニバーサル,1
埼玉県:黒谷,1
神奈川県:湘南,1
埼玉県:タイム,1
千葉県:江戸,1
福岡県:都市,1
大阪府:池田,1
大阪府:スタジオ,1
山形県:セブン,1
茨城県:つくば,1
福岡県:天神,1
千葉県:五井,1
東京都:有明,1
神奈川県:溝の口,1
岩手県:陸前,1
東京都:商店,1
神奈川県:横須賀,1
三重県:近鉄,1
新潟県:フライドチキン,1
山形県:久保田,1
福島県:郡山,1
東京都:寿司,1
京都府:八幡,1
京都府:京阪,1
東京都:花園,1
東京都:焼肉,1
兵庫県:中央,1
兵庫県:売店,1
東京都:シルクハット,1
東京都:仲見世,1
大阪府:鉱油,1
東京都:赤羽,1
東京都:サーカス,1
栃木県:上河内,1
兵庫県:イレブン,1
埼玉県:プリンスドーム,1
宮城県:石越,1
東京都:聖蹟,1
東京都:ローソン,1
神奈川県:相模原,1
大阪府:ソフマップ,1
大阪府:Hankyū,1
埼玉県:三郷,1
愛知県:バス,1
兵庫県:劇場,1
東京都:劇場,1
兵庫県:加古川,1
栃木県:宇都宮,1
東京都:亀有,1
東京都:祖師,1
埼玉県:坂戸,1
福岡県:西戸崎,1
福島県:アミューズメント,1
福岡県:ドーム,1
東京都:蒲田,1
東京都:向原,1
