"@むろみん＠むろみあっと","I'm at 大橋駅 (Ōhashi Sta.) in 福岡市, 福岡県 https://t.co/kAGCzYfZAw","福岡県","Tue Apr 05 15:39:43 JST 2016","33.55908752","130.42652518"
"@か らす","I'm at JR 名古屋駅 新幹線ホーム in 名古屋市, 愛知県 https://t.co/jN43hs4atJ","愛知県","Tue Apr 05 15:39:48 JST 2016","35.17030434","136.88122094"
"@ひーちゃん","I'm at カインズホーム 浦和美園店 in さいたま市, 埼玉県 https://t.co/PkgMmhgpoc","埼玉県","Tue Apr 05 15:39:53 JST 2016","35.90646474","139.71341421"
"@まゆ","I'm at 365日 in 渋谷区 https://t.co/kZBxcFFZQn","","Tue Apr 05 15:39:54 JST 2016","35.66922673","139.68940002"
"@すぬぺ@Next→","I'm at 三ノ宮駅 タクシー乗り場 in 神戸市, 兵庫県 https://t.co/7hD5xDwr1Q","兵庫県","Tue Apr 05 15:40:02 JST 2016","34.69377954","135.19440651"
"@か らす","I'm at JR 名古屋駅 14-15番線ホーム in 名古屋, 愛知県 https://t.co/cgHu2hj6si","愛知県","Tue Apr 05 15:40:07 JST 2016","35.17025536","136.88125648"
"@ガッツ","#味真野小学校の桜 #桜 #青空 #味真野小学校 #武生 #福井県 #シカゴプードル @ 味真野小学校 https://t.co/l51oMlcDbT","#福井県","Tue Apr 05 15:40:08 JST 2016","35.89015423","136.23286409"
"@しろバン＠クズ","I'm at 出光 オートアルル北19条SS in 札幌市東区, 北海道 https://t.co/FoST4NRdH6","北海道","Tue Apr 05 15:40:12 JST 2016","43.08780523","141.37360454"
"@ツジータ","I'm at ワイズロード 東大和店 https://t.co/uNgP9LCc9c","","Tue Apr 05 15:40:16 JST 2016","35.74748352","139.4146983"
"@よぎしゃ(ありがとう園田海未)","I'm at 不忍池 (Shinobazu Pond) in 台東区, 東京都 https://t.co/6PKFN0d6Yq","東京都","Tue Apr 05 15:40:17 JST 2016","35.71188321","139.77038383"
"@林愛一郎Aiichiro HAYASHI","I'm at 北寺尾七丁目 (臨港バス) in 横浜市, 神奈川県 https://t.co/H9EvIvnZ4D","神奈川県","Tue Apr 05 15:40:29 JST 2016","35.51424079","139.64635249"
"@Яui@BN㌃32","I'm at ボウルアロー 八尾店 in 八尾市, 大阪府 https://t.co/V0rU68aRR0","大阪府","Tue Apr 05 15:40:30 JST 2016","34.60372606","135.61218611"
"@tayuru in 東京","I'm at レインボーブリッジ (Rainbow Bridge) in 港区 / 江東区, 東京都 https://t.co/WrGtsv83BR https://t.co/susnvK3hfk","東京都","Tue Apr 05 15:40:31 JST 2016","35.63519465","139.7675246"
"@九条シノノ@関西遠征4/3~5","I'm at 上尾駅 (Ageo Sta.) - @jreast_official in 上尾市, 埼玉県 https://t.co/mzphpN6C2q","埼玉県","Tue Apr 05 15:40:37 JST 2016","35.97353036","139.5884496"
"@ちょろ爺@低浮上","I'm at 東海道・山陽新幹線 新大阪駅 in Osaka, Ōsaka https://t.co/hJpLCSoKjg","","Tue Apr 05 15:40:39 JST 2016","34.73353099","135.50041247"
"@BIG LAKE","I'm at 粟津駅 (Awazu Sta.)(OT04) in 大津市, 滋賀県 https://t.co/5JTDQnzkWV","滋賀県","Tue Apr 05 15:40:40 JST 2016","34.9850317","135.89546621"
"@はぴはぴ＠風邪まだまだ継続中⤵","I'm at 洋光台駅 (Yōkōdai Sta.) - @jreast_official in 横浜市, 神奈川県 https://t.co/bZJcc8DHNc","神奈川県","Tue Apr 05 15:40:41 JST 2016","35.37869337","139.5964694"
"@駆逐艦ちょも","I'm at ゲーマーズ 沼津店 in 沼津市, 静岡県 https://t.co/mAuYTITSzA","静岡県","Tue Apr 05 15:40:45 JST 2016","35.10185784","138.85702728"
"@エリア66","I'm at 成城学園前駅 (Seijōgakuen-mae Sta.) (OH14) - @odakyuline_info in 世田谷区, 東京都 https://t.co/BJdc9QnimG","東京都","Tue Apr 05 15:40:51 JST 2016","35.6400427","139.59873855"
"@カーネルたん@西武ドーム2DAYS!!","I'm at EXPASA足柄 (上り) in 御殿場市, 静岡県 https://t.co/MsXNkNgZtN https://t.co/uJHOFkqzGj","静岡県","Tue Apr 05 15:40:54 JST 2016","35.31481003","138.96320522"
"@敷島のやまこう","I'm at 新宿御苑 (Shinjuku Gyoen) in 新宿区, 東京都 https://t.co/gF9YCesPk3","東京都","Tue Apr 05 15:40:59 JST 2016","35.68525669","139.7094655"
"@播磨屋徳兵衛P","I'm at 名古屋駅 (Nagoya Sta.) in 名古屋市, 愛知県, 愛知県 https://t.co/N82FWQz2c9","愛知県","Tue Apr 05 15:43:11 JST 2016","35.17066865","136.88164473"
"@UNOちゃん@見守る系ヲタク","I'm at 新逗子駅 (Shinzushi Sta.) (KK53) - @keikyu_official in 逗子市, 神奈川県 https://t.co/df7Y2g8r5U","神奈川県","Tue Apr 05 15:43:15 JST 2016","35.29412025","139.58049417"
"@山山山@4/21高野龍神ツー","I'm at あゆみ野三丁目南 交差点 in 和泉市, 大阪府 https://t.co/76FmZURxsW","大阪府","Tue Apr 05 15:43:16 JST 2016","34.4382556","135.44946859"
"@リン＠絶対無事故","I'm at サークルK 大山崎インター店 - @circleksunkus in 乙訓郡大山崎町, 京都府 https://t.co/kGf2oj82Zk","京都府","Tue Apr 05 15:43:19 JST 2016","34.90468107","135.69724694"
"@山陰。","I'm at 松江地方合同庁舎 in 松江市, 島根県 https://t.co/kgHp50sMt1","島根県","Tue Apr 05 15:43:20 JST 2016","35.46884467","133.06461856"
"@いっしー・乗り鉄","I'm at ララガーデン川口 in 川口市, 埼玉県 https://t.co/oREyS5gIWL","埼玉県","Tue Apr 05 15:43:19 JST 2016","35.80526855","139.69862857"
"@なつわふたー＠シャンプーの匂いがするZ2","I'm at みずほ台駅 (Mizuhodai Sta.) (TJ16) in 富士見市, 埼玉県 https://t.co/kIhT6VYPBS","埼玉県","Tue Apr 05 15:43:20 JST 2016","35.83838691","139.55086624"
"@南谷　賢朗","I'm at 出光 西日本宇佐美 8号金沢SS in 金沢市, 石川県 https://t.co/xHeOQYPaXx","石川県","Tue Apr 05 15:43:21 JST 2016","36.61040789","136.67630553"
"@genson","I'm at マクドナルド 川西加茂店 in 川西市, 兵庫県 https://t.co/F2KIfqwvsg","兵庫県","Tue Apr 05 15:43:24 JST 2016","34.81382147","135.41104658"
"@わんこ","I'm at なか卯 千林大宮店 in 大阪市, 大阪府 https://t.co/LcV6s1W6X9","大阪府","Tue Apr 05 15:43:28 JST 2016","34.72501872","135.54934591"
"@カオピタ@ピタツー","I'm at セブンイレブン 長岡土合店 in 長岡市, 新潟県 https://t.co/MhA7LjrZ7h","新潟県","Tue Apr 05 15:43:36 JST 2016","37.43503048","138.85510872"
"@Hiromu™","I'm at ラウンドワン 習志野店 in 習志野市, 千葉県 https://t.co/mhuj7eBmrr","千葉県","Tue Apr 05 15:43:37 JST 2016","35.65966734","140.02253294"
"@こーやま","I'm at モレラ岐阜 - @maleragifu in 本巣市, 岐阜県 https://t.co/CuIAbnYJrc","岐阜県","Tue Apr 05 15:43:39 JST 2016","35.45542651","136.67288303"
"@きょん","I'm at ポルチェリーノ in 石川県金沢市 https://t.co/ZeI9dEush0","石川県","Tue Apr 05 15:43:39 JST 2016","36.57072592","136.65707443"
"@林愛一郎Aiichiro HAYASHI","I'm at 横浜北寺尾郵便局 in 横浜市, 神奈川県 https://t.co/rUBLBUpGom","神奈川県","Tue Apr 05 15:43:41 JST 2016","35.51251356","139.64285016"
"@Suncica@トランクおじさん","I'm at 相模大野駅 (Sagami-Ono Sta.)(OH28) - @odakyuline_info in 相模原市, 神奈川県 https://t.co/PL77hKT7d2","神奈川県","Tue Apr 05 15:43:42 JST 2016","35.53199049","139.43761826"
"@リゼルリィ㌠＠アリスの兄貴になりたい","I'm at 武蔵野線 綾瀬川橋梁 in 川口市 / 越谷市, 埼玉県 https://t.co/gdVvGiaZBF","埼玉県","Tue Apr 05 15:43:43 JST 2016","35.875937","139.757812"
"@ののたん(命名:鈴蘭)❤鈴蘭党(◯∀◯)","I'm at ハローワーク大垣 in 大垣市, 岐阜県 https://t.co/jrjuwrHUoy","岐阜県","Tue Apr 05 15:43:45 JST 2016","35.366606","136.62652"
"@スイッチ＠芽瑠だるま","I'm at ドトールコーヒーショップ 京都ポルタ店 in 京都市, 京都府 https://t.co/4qgZM0NfCv https://t.co/daCblgnxY5","京都府","Tue Apr 05 15:43:46 JST 2016","34.98684935","135.7581214"
"@あべけん(G)","I'm at 上野駅 不忍口 https://t.co/SLbqlW90eW","","Tue Apr 05 15:43:47 JST 2016","35.71155715","139.77536447"
"@はねちゃん@黄CB","I'm at 東山線 城下駅 in 岡山市北区, 岡山県 https://t.co/EK963SWCLg","岡山県","Tue Apr 05 15:43:48 JST 2016","34.66562953","133.92981596"
"@ともくん 5番 '16","I'm at 姫路市立動物園 in 姫路市, 兵庫県 https://t.co/oHvFoMyDEJ https://t.co/qb1N3PYBw5","兵庫県","Tue Apr 05 15:43:53 JST 2016","34.83675","134.69436892"
"@titty@会社の犬㌠","I'm at EXPASA海老名 上り in 海老名市, 神奈川県 https://t.co/xJu4W5cwF2","神奈川県","Tue Apr 05 15:43:55 JST 2016","35.43221143","139.39913929"
"@ティー太郎@ジェクトシュートの人","I'm at 村井駅 (Murai Sta.) in 松本市, 長野県 https://t.co/yHlf1PvWlD","長野県","Tue Apr 05 15:44:01 JST 2016","36.17435291","137.9560411"
"@結⃝城⃝秀⃝康⃝ 受験生(仮)","I'm at 新宿駅 (Shinjuku Sta.) in 新宿区, 東京都 w/ @po_1956 https://t.co/TLWmz54MZV","東京都","Tue Apr 05 15:44:13 JST 2016","35.69080269","139.70027923"
"@お漬け物","I'm at 大阪城公園 (Osaka Castle Park) in 大阪市, 大阪府 https://t.co/Zf1dnTVgDv","大阪府","Tue Apr 05 15:44:22 JST 2016","34.68866302","135.53009033"
"@わっち@ハチロク(48650)推し","I'm at 自由が丘駅 (Jiyugaoka Sta.)(TY07/OM10) - @tokyu_official in 目黒区, 東京都 https://t.co/zDLwd4yJ81","東京都","Tue Apr 05 15:44:33 JST 2016","35.6073743","139.66868465"
"@最新ㄟ゜ﾘ大㌨(ง ˘ω˘ )ว","I'm at PRO-TEC名古屋北(YSP名古屋北) in 西春日井郡, 愛知県 https://t.co/eXuAzjBOse","愛知県","Tue Apr 05 15:44:37 JST 2016","35.25094671","136.90824051"
"@やっす〜（ﾚ）","I'm at 東京都庁 (Tokyo Metropolitan Government Office) in 新宿区 https://t.co/glQP3Q9n8y","東京都","Tue Apr 05 15:44:41 JST 2016","35.68960502","139.69166636"
"@けーへい","I'm at ランドアクシスタワー in 大阪市, 大阪府 https://t.co/yij6STyc9b","大阪府","Tue Apr 05 15:44:46 JST 2016","34.68963556","135.50080831"
"@Tadahiro Ishisaka","I'm at 田京駅 (Takyō Sta.) in 伊豆の国市, 静岡県 https://t.co/WzI187w5KV","静岡県","Tue Apr 05 15:44:49 JST 2016","35.01503085","138.94602433"
"@Kousuke Shibata","I'm at 薬院駅 (Yakuin Sta.) in 福岡市, 福岡県 https://t.co/gxS3UWBl9K","福岡県","Tue Apr 05 15:44:50 JST 2016","33.58191187","130.40169597"
"@山手車掌@ミリオン3rd幕張公演","I'm at 春日駅 (Kasuga Sta.) (I12/E07) in 文京区, 東京都 https://t.co/uxasjhJ33M","東京都","Tue Apr 05 15:44:50 JST 2016","35.70846826","139.75360394"
"@グルーヴ@4/5 日高優月生誕祭","I'm at 栄駅 (Sakae Sta.) (H10/M05) in 名古屋市, 愛知県 https://t.co/yhxj99JS7n","愛知県","Tue Apr 05 15:44:52 JST 2016","35.17002185","136.90857679"
"@東海のぞみ@確定去臺灣六月","I'm at 箱根峠 交差点 in 田方郡函南町, 静岡県 https://t.co/z5F1wpbjZM https://t.co/WnR8VvsWHC","静岡県","Tue Apr 05 15:44:56 JST 2016","35.18193741","139.01402392"
"@JINTA","I'm at 大阪西郵便局 in 大阪市西区, 大阪府 https://t.co/t1ymxduD01","大阪府","Tue Apr 05 15:44:56 JST 2016","34.68165376","135.48569977"
"@林愛一郎Aiichiro HAYASHI","I'm at 上の宮中学 (臨港バス) in 横浜市, 神奈川県 https://t.co/MB0t3JbgO1","神奈川県","Tue Apr 05 15:44:58 JST 2016","35.5120547","139.64185918"
"@Hirotaka.S","I'm at Cafe TIPO8 in 大阪市北区, 大阪府 https://t.co/PbizpCFiUI","大阪府","Tue Apr 05 15:44:59 JST 2016","34.70516311","135.49112032"
"@林愛一郎Aiichiro HAYASHI","I'm at セブンイレブン 横浜北寺尾7丁目店 - @711sej in 横浜市, 神奈川県 https://t.co/Q6lyObbgo9","神奈川県","Tue Apr 05 15:44:59 JST 2016","35.51201118","139.6417994"
"@あわ少年","I'm at 千種台中学校 in 名古屋市千種区, 愛知県 https://t.co/P38LeNeQDb","愛知県","Tue Apr 05 15:45:04 JST 2016","35.17689524","136.96947098"
"@ゆゆぴか","I'm at 彦根城 (Hikone Castle) in 彦根市, 滋賀県 https://t.co/skMbHFBIHY","滋賀県","Tue Apr 05 15:45:08 JST 2016","35.27646453","136.2518084"
"@Yutaka","I'm at SIDEWALK STAND in 目黒区, 東京都 https://t.co/K6bbKcaDLo","東京都","Tue Apr 05 15:45:09 JST 2016","35.64690446","139.69668746"
"@てつきち","I'm at ラジオショック in 大阪市, 大阪府 https://t.co/dgin5Gxkx6","大阪府","Tue Apr 05 15:45:10 JST 2016","34.705207","135.495747"
"@Toshiaki Takeuchi","I'm at セブンイレブン 常滑大和町6丁目店 in 常滑市, 愛知県 https://t.co/XWJlyPoJuy","愛知県","Tue Apr 05 15:45:14 JST 2016","34.90010153","136.8379496"
"@クロネコ","I'm at ホビーショップ タムタム 筑紫野店 in Chikushino-shi, Fukuoka-ken https://t.co/DXsO9kYT9y","","Tue Apr 05 15:45:15 JST 2016","33.4459827","130.54166418"
"@ファルツ","I'm at 新宿御苑 新宿門 in Shinjuku, 東京都 https://t.co/OMyemRiXba","東京都","Tue Apr 05 15:45:17 JST 2016","35.68850489","139.70724463"
"@すう@4/16TOUR OF KISS3","I'm at 三島駅 (Mishima Sta.) in 三島市, 静岡県 https://t.co/EtuRDXC9Zo","静岡県","Tue Apr 05 15:45:21 JST 2016","35.12602497","138.91175508"
"@ニコカズ","I'm at 地下鉄 福岡空港駅 (Subway Fukuokakūkō (Airport) Sta.) (K13) in Fukuoka, 福岡県 https://t.co/OuRjwy48vU","福岡県","Tue Apr 05 15:45:27 JST 2016","33.59689091","130.44867754"
"@(✌ぱ▽に)☞(ぱにぱに)","I'm at 杉並警察署 in 杉並区, 東京都 https://t.co/2VdgVVG6Hu","東京都","Tue Apr 05 15:45:28 JST 2016","35.69888908","139.63631094"
"@にゃろめ","I'm at ブルメール舞多聞 in 神戸市, 兵庫県 https://t.co/jwl6OEi2rV","兵庫県","Tue Apr 05 15:45:31 JST 2016","34.66419087","135.05390135"
"@さのあに","I'm at 東京都庁 (Tokyo Metropolitan Government Office) in 新宿区 https://t.co/T4HMjqoi9x","東京都","Tue Apr 05 15:45:35 JST 2016","35.68960502","139.69166636"
"@反応なし","I'm at 幸公園 in 豊橋市, 愛知県 https://t.co/HPR9fyWkL6 https://t.co/LHLzbIOdL0","愛知県","Tue Apr 05 15:45:40 JST 2016","34.73847828","137.41006136"
"@けんた⊿","I'm at 藤が丘駅 (Fujigaoka Sta.) in 名古屋市, 愛知県, 愛知県 https://t.co/sYGPIPHc8X","愛知県","Tue Apr 05 15:45:47 JST 2016","35.18244615","137.02134222"
"@ゆ→いち","I'm at センター北駅 (Center Kita Sta.) (B30/G05) - @yokohama_koutuu in 横浜市, 神奈川県 https://t.co/Hm6ei8pqs6","神奈川県","Tue Apr 05 15:45:54 JST 2016","35.55347523","139.57850263"
"@無限の鼻水","I'm at トライアル 小竹店 in 鞍手郡, 福岡県 https://t.co/L7mw4sVxsR","福岡県","Tue Apr 05 15:46:02 JST 2016","33.70048818","130.70638274"
"@しゃこたん(・■・)","I'm at 薬王堂 宮城大富店 in 黒川郡大和町, 宮城県 https://t.co/u7rg8KlhPc","宮城県","Tue Apr 05 15:46:10 JST 2016","38.38064566","140.86296033"
"@♩yuki","I'm at マクドナルド 2号線御影店 in 神戸市, 兵庫県 https://t.co/7bXfa5PIvp","兵庫県","Tue Apr 05 15:46:11 JST 2016","34.71729381","135.25456309"
"@がっちゃん（マジ）","I'm at 新宿ReNY in 新宿区, 東京都 w/ @demodori_mw @69de74__ https://t.co/xwFAhI06eX","東京都","Tue Apr 05 15:46:12 JST 2016","35.69223731","139.69357288"
"@夢社長","I'm at 調布駅 (Chōfu Sta.) - @keiodentetsu in 調布市, 東京都 https://t.co/k1gc0mCfWU","東京都","Tue Apr 05 15:46:14 JST 2016","35.65188911","139.54439566"
"@ノータス","I'm at ラウンドワン 青森店 in 青森市, 青森県 https://t.co/ctD0thv5lz","青森県","Tue Apr 05 15:46:18 JST 2016","40.79871246","140.74816704"
"@ﾄｩｽｹ(ﾁｪｹﾗﾁｪｹﾗﾁｪｹﾗ)","I'm at @PLUMLIVESTAGE 秋葉原 in 千代田区, 東京都 https://t.co/GjhDjhtmEQ","東京都","Tue Apr 05 15:46:20 JST 2016","35.69912596","139.77243391"
"@ともっしゅはにへにへ教","I'm at 大慶園遊園地 in 市川市, 千葉県 https://t.co/XjAsWFUGeR","千葉県","Tue Apr 05 15:46:20 JST 2016","35.76267555","139.96938594"
"@よしづみ","I'm at ライダーズスタンド 西宮2りんかん in 西宮市, 兵庫県 w/ @tkhsyuta1110 https://t.co/Gp4Ycg3lAA","兵庫県","Tue Apr 05 15:46:22 JST 2016","34.762386","135.36742589"
"@ゆうまる","I'm at 足立小台駅 (05) (Adachi-odai Sta. ) - @toeikotsu in 足立区, 東京都 https://t.co/8NFQvKHvCL","東京都","Tue Apr 05 15:46:24 JST 2016","35.75463606","139.77039456"
"@うさっぷる","I'm at 多磨駅 (Tama Sta.) (SW03) - @seiburailway in 府中市, 東京都 https://t.co/w5PZQe2qk4","東京都","Tue Apr 05 15:46:25 JST 2016","35.67664648","139.51701164"
"@じゅんぽん(痩せましょう)","I'm at 栄駅 (Sakae Sta.) (H10/M05) in 名古屋市, 愛知県 https://t.co/92X21QpH9Q","愛知県","Tue Apr 05 15:46:25 JST 2016","35.17002185","136.90857679"
"@じゅんぽん(痩せましょう)","I'm at サンシャインサカエ (SUNSHINE SAKAE) in 名古屋市, 愛知県 https://t.co/uKTnBRtXQA","愛知県","Tue Apr 05 15:46:31 JST 2016","35.16954606","136.90628886"
"@こーやま","I'm at TSUTAYA BOOK STORE モレラ岐阜 - @shop_tsutaya in 本巣市, 岐阜県 https://t.co/lVGVGTE3Od","岐阜県","Tue Apr 05 15:46:32 JST 2016","35.45628436","136.67262059"
"@hiropon3号","I'm at 東和病院 in 足立区, 東京都 https://t.co/PBE6jVJH73","東京都","Tue Apr 05 15:46:37 JST 2016","35.77237651","139.84363192"
"@しまかぜライナー","I'm at 刈谷ハイウェイオアシス - @c_nexco_sapa in 刈谷市, 愛知県 https://t.co/SdRmNPROjQ","愛知県","Tue Apr 05 15:46:38 JST 2016","35.04112223","137.04823136"
"@だいき。@やっぱり朱莉が…","I'm at 新習志野駅 (Shin-Narashino Sta.) in 習志野市, 千葉県 https://t.co/IDl2B1KkIr","千葉県","Tue Apr 05 15:46:41 JST 2016","35.6672683","140.01298428"
"@ちゅんΣ(:3[布団]","I'm at 東秩父農産物販売所 in 秩父郡東秩父村, 埼玉県 https://t.co/CoSmS0uywY","埼玉県","Tue Apr 05 15:46:43 JST 2016","36.0476034","139.22505752"
"@お菓子Ｓ＠","I'm at KEIZ中川運河店 https://t.co/ZhZhPpD5Gn","","Tue Apr 05 15:46:45 JST 2016","35.12880388","136.8810348"
"@じゅんぽん(痩せましょう)","I'm at SKE48劇場 (SKE48 Theater) in 名古屋市, 愛知県, 愛知県 https://t.co/q6GX6OcaXd","愛知県","Tue Apr 05 15:46:46 JST 2016","35.16949783","136.90625668"
"@Suncica@トランクおじさん","I'm at 小田急 町田駅 (Machida Sta.) (OH27) - @odakyuline_info in 町田市, 東京都 https://t.co/sMWGlTfI2a","東京都","Tue Apr 05 15:46:47 JST 2016","35.54395111","139.44516063"
"@はくたか","I'm at 大津駅 (Ōtsu Sta.) in 大津市, 滋賀県 https://t.co/NkAiZtAHgK","滋賀県","Tue Apr 05 15:46:53 JST 2016","35.00296824","135.86488903"
"@封神龍（ご注文はお酒ですか？）","I'm at 東京メトロ 半蔵門線 永田町駅 (Z04) - @z_line_info in Chiyoda, Tōkyō-to https://t.co/N0a1DoAe0Z","","Tue Apr 05 15:46:53 JST 2016","35.67876686","139.73979317"
"@八木拓哉","I'm at 京成酒々井駅 (Keisei-Shisui Sta.) (KS37) - @keiseirailway in Shisui-machi, 千葉県 https://t.co/7xieX58equ","千葉県","Tue Apr 05 15:46:57 JST 2016","35.73684621","140.27013302"
"@えびなくん","I'm at 音更町 https://t.co/fwzUzlMN3S","","Tue Apr 05 15:46:58 JST 2016","42.983894","143.17835612"
"@抹茶.D.R","I'm at クリニックビル https://t.co/idDbeuRLRm","","Tue Apr 05 15:46:58 JST 2016","35.3454797","139.61507081"
"@Ma-H","I'm at サンシャインサカエ (SUNSHINE SAKAE) - @sunshinesakae in 名古屋市, 愛知県 https://t.co/qkdEw8o317","愛知県","Tue Apr 05 15:47:00 JST 2016","35.16954606","136.90628886"
"@おびりんてーとく","I'm at 京成高砂駅 (Keisei Takasago Sta.) (KS10) in Katsushika, 東京都 https://t.co/6GzuYhlqgj","東京都","Tue Apr 05 15:47:03 JST 2016","35.75086595","139.86690044"
"@Sがみん","I'm at 宇都宮駅 (Utsunomiya Sta.) - @jreast_official in 宇都宮市, 栃木県 https://t.co/dI5AGF4oOd","栃木県","Tue Apr 05 15:47:06 JST 2016","36.55929086","139.8983252"
"@ふるふる@負の連鎖","I'm at 南船橋駅 (Minami-Funabashi Sta.) in 船橋市, 千葉県 https://t.co/aCFmWbzaPK","千葉県","Tue Apr 05 15:47:07 JST 2016","35.68198004","139.99557137"
"@岩佐遼","I'm at 西本願寺 阿弥陀堂 in 京都市, 京都府 https://t.co/N6cHClL2pz","京都府","Tue Apr 05 15:47:11 JST 2016","34.99184085","135.75230906"
"@Shunsuke Higo","I'm at 新宿区役所 (Shinjuku City Office) - @shinjuku_info in 新宿区, 東京都 https://t.co/E4ZpbVnIMe","東京都","Tue Apr 05 15:47:15 JST 2016","35.69385726","139.70333934"
"@モーター","I'm at 京都工芸繊維大学 附属図書館 in 京都市左京区, 京都府 https://t.co/D8sp8XcYzx","京都府","Tue Apr 05 15:47:16 JST 2016","35.04996534","135.78348"
"@BIG LAKE","I'm at 京阪膳所駅 (Keihan-Zeze Sta.)(OT09) in 大津市, 滋賀県 https://t.co/5uYH99stfQ","滋賀県","Tue Apr 05 15:47:16 JST 2016","34.99969896","135.88093802"
"@ひかるん","I'm at 有間ダム in 飯能市, 埼玉県 https://t.co/ll9HDMcr5L","埼玉県","Tue Apr 05 15:47:16 JST 2016","35.8726031","139.17740107"
"@おなか卒業生","I'm at 豊栄駅 (Toyosaka Sta.) - @jreast_official in 新潟市, 新潟県 https://t.co/vIz8PpNPDc","新潟県","Tue Apr 05 15:47:19 JST 2016","37.91966958","139.21563864"
"@R.N.","I'm at 二条城 (Nijo-jo Castle) in Kyoto, 京都府 https://t.co/gOUMaJdEcF https://t.co/dSggU0YKtK","京都府","Tue Apr 05 15:47:23 JST 2016","35.01411096","135.74775696"
"@曽根","I'm at 大山崎町 in 乙訓郡, Kyoto https://t.co/gQz3tyDrAT","","Tue Apr 05 15:47:26 JST 2016","34.90649112","135.70163854"
"@ディなんとかくん提督","I'm at JR 千葉駅 (Chiba Sta.) - @jreast_official in Chiba, 千葉県 https://t.co/PwCCDrvutx","千葉県","Tue Apr 05 15:47:26 JST 2016","35.61282526","140.1143074"
"@えむなべﾁｬﾝ","I'm at りんくうタウン Rinku Town in 泉佐野市, 大阪府 https://t.co/Qrq9WF47Uz","大阪府","Tue Apr 05 15:47:29 JST 2016","34.4066264","135.30126572"
"@あっきー","これは飲みたくなりますよ...() (@ ベルサール秋葉原 in 千代田区, 東京都 w/ @istookf @tmagtucmiu) https://t.co/faPgcu6egq","東京都","Tue Apr 05 15:47:30 JST 2016","35.69997164","139.77081031"
"@masaya","I'm at 東名古屋港駅 (Higashi-Nagoyakō Sta.) in 名古屋市, 愛知県 https://t.co/ZerzPHmebO","愛知県","Tue Apr 05 15:47:45 JST 2016","35.08913094","136.89884841"
"@いんぐれ","I'm at 高岡古城公園 (Takaoka Kojo Park) in 高岡市, 富山県 https://t.co/ZP7TxTVaXA","富山県","Tue Apr 05 15:47:46 JST 2016","36.74861618","137.02165604"
"@TD06-L2","I'm at オレンジハット 茂呂店 in 伊勢崎市, 群馬県 https://t.co/fGpQexKQOR https://t.co/NL5hefEK2a","群馬県","Tue Apr 05 15:47:45 JST 2016","36.30162914","139.21838522"
"@雄太郎","I'm at Fresh Bazar 園部店 https://t.co/W3LnvOlhXg","","Tue Apr 05 15:47:49 JST 2016","35.11339786","135.47855881"
"@ナエ@唐揚げ","I'm at 自由が丘駅 (Jiyugaoka Sta.)(TY07/OM10) - @tokyu_official in 目黒区, 東京都 https://t.co/H7zturEFBK","東京都","Tue Apr 05 15:47:51 JST 2016","35.6073743","139.66868465"
"@たか㌠@地下鉄に乗るっ","I'm at 同志社大学今出川キャンパス良心館ラウンジ https://t.co/23bCkhrcDZ https://t.co/LUyxpHTTo7","","Tue Apr 05 15:47:52 JST 2016","35.03102589","135.75958848"
"@ダブ『wa3』","I'm at 秋葉原UDX (AKIHABARA UDX) in Chiyoda, 東京都 https://t.co/xnXm5V5NRr","東京都","Tue Apr 05 15:47:53 JST 2016","35.69974747","139.7726386"
"@うき","I'm at ローソン 福岡百道浜店 - @akiko_lawson in 福岡市, 福岡県 https://t.co/CLcf6n2Kiv","福岡県","Tue Apr 05 15:48:02 JST 2016","33.59062332","130.35647704"
"@さとしーにょ@ิิิิ( ･ิω･)╯ิ","ここの唐揚げ(かたの柚子胡椒マヨネーズ味)が美味しいんや(^^) (@ 揚匠 しげ盛 in 神戸市, 兵庫県 w/ @na2_3kan) https://t.co/oWUXEBw4zO https://t.co/RQMNv4Wzih","兵庫県","Tue Apr 05 15:48:07 JST 2016","34.64335323","135.11338211"
"@酩酊蛙","I'm at らーめん大 本郷店 in 文京区, 東京都 https://t.co/b5xr1tAW9c","東京都","Tue Apr 05 15:48:08 JST 2016","35.70588518","139.76181954"
"@ﾋｶ ｯｼｰ","I'm at 東京大学 工学部5号館 - @utokyo_news in Bunkyō, Japan https://t.co/zsceE4NAuq https://t.co/r9HOZSDMCm","","Tue Apr 05 15:48:10 JST 2016","35.71487117","139.76000905"
"@藤田まこと","I'm at 東京ドーム (Tokyo Dome) in 文京区, 東京都 https://t.co/LStTAi2R2N","東京都","Tue Apr 05 15:48:12 JST 2016","35.70558461","139.75190878"
"@みっちぃ✩ネコナ♪μ'sは永久に不滅","I'm at セガワールド久居 - @hisai_sw in Tsu, Mie-ken https://t.co/vh2KafadoT","","Tue Apr 05 15:48:16 JST 2016","34.68404477","136.46649001"
"@●けんちゃん","I'm at 新五箇山温泉 南砺市平ふれあい温泉センター ゆー楽 in 南砺市, 富山県 https://t.co/5B6kDazdlQ","富山県","Tue Apr 05 15:48:16 JST 2016","36.45559553","136.97711666"
"@お〜ぃたく茶","I'm at 滋賀県立安土城考古博物館 in 近江八幡市, 滋賀県 https://t.co/JoyoXeN9XC","滋賀県","Tue Apr 05 15:48:21 JST 2016","35.1498105","136.14777088"
"@あおいぼっと","I'm at スペースV1 廿日市店 in 廿日市市, 広島県 https://t.co/RHAla2jMKe","広島県","Tue Apr 05 15:48:23 JST 2016","34.35179142","132.33401835"
"@入道@オーラル→GALAXY両日","I'm at TULLY'S COFFEE 赤坂店 - @tullys_jp in 港区, 東京都 https://t.co/UJXJQqiC0f","東京都","Tue Apr 05 15:48:24 JST 2016","35.67296365","139.7373189"
"@みっちぃ✩ネコナ♪μ'sは永久に不滅","I'm at セガワールド久居 in 津市, 三重県 https://t.co/BlnD1vsK1n","三重県","Tue Apr 05 15:48:30 JST 2016","34.68401824","136.46667785"
"@みか@発熱鷲","I'm at Field BY ITAGAKI エスパル in 仙台市, 宮城県 https://t.co/FbJ4VdCw7a","宮城県","Tue Apr 05 15:48:33 JST 2016","38.26069045","140.88129003"
"@MACKY","I'm at MEGAドン・キホーテ 青葉台店 in 横浜市青葉区, 神奈川県 https://t.co/R8lRV1WjyD","神奈川県","Tue Apr 05 15:48:34 JST 2016","35.53956064","139.51426198"
"@黒季@675R","I'm at 東横イン 岡山駅西口右 in 岡山市, 岡山県 https://t.co/QqMFcUCaww","岡山県","Tue Apr 05 15:48:35 JST 2016","34.66924092","133.91907784"
"@もぐら","I'm at スーパーバリュー 八王子高尾店 in 八王子市, 東京都 https://t.co/KVUuGwqzQF","東京都","Tue Apr 05 15:48:35 JST 2016","35.64123857","139.28783895"
"@JINTA","I'm at 西長堀公園 https://t.co/UIkcHXcyTL","","Tue Apr 05 15:48:37 JST 2016","34.67565415","135.4870018"
"@ひろと","I'm at ナルシストの椅子 https://t.co/79bX3tmg8Z","","Tue Apr 05 15:48:39 JST 2016","32.84132244","130.60187251"
"@ともも@MIKUEXPO 札幌","I'm at nORBESA (ノルベサ) in 札幌市, 北海道 https://t.co/Dj4dH7xXGZ","北海道","Tue Apr 05 15:48:39 JST 2016","43.05613047","141.35089695"
"@やすな","I'm at ラウンドワン 池袋店 - @r1_ikebukuro in 豊島区, 東京都 https://t.co/sodYn5GH23","東京都","Tue Apr 05 15:48:40 JST 2016","35.73003573","139.7151196"
"@tsuyoshi@4/3-6中国、九州","I'm at 岩下コレクション in 湯布院町, 大分県 https://t.co/wyfgOD3MBn","大分県","Tue Apr 05 15:48:45 JST 2016","33.264435","131.341175"
"@全地震速報","【微小地震速報 神奈川県11/220】
2016/04/05 15:16:00 JST, 
日本 神奈川県 川崎市 野川 付近, 
M1.0, TNT476.9g, 深さ26.8km, 
MAP https://t.co/lY2Fna0Qu5 1334","神奈川県","Tue Apr 05 15:48:46 JST 2016","35.5674","139.614"
"@グルーヴ@4/5 日高優月生誕祭","I'm at サンシャインサカエ (SUNSHINE SAKAE) in 名古屋市, 愛知県 w/ @yznrcha_ https://t.co/uFPBPPoBiz","愛知県","Tue Apr 05 15:48:48 JST 2016","35.16954606","136.90628886"
"@みっちぃ✩ネコナ♪μ'sは永久に不滅","I'm at ふぇいたその家の入口 https://t.co/Dp53c6U6Wr","","Tue Apr 05 15:48:51 JST 2016","34.6839279","136.46651349"
"@かっちゃん@CR-Z兄弟","I'm at イオンスーパーセンター本荘店 in 由利本荘市, 秋田県 https://t.co/jc30R0wOt1","秋田県","Tue Apr 05 15:48:51 JST 2016","39.39135837","140.02732873"
"@(sanshiro)سانشيرواو","I'm at ヱビスビール記念館 (Museum of YEBISU BEER) in 渋谷区, 東京都 https://t.co/zJMz4212gr","東京都","Tue Apr 05 15:48:55 JST 2016","35.643138","139.714506"
"@いけだ","I'm at ドトールコーヒーショップ アトレ上野店 in 台東区, 東京都 https://t.co/4Fopwmmd54","東京都","Tue Apr 05 15:49:03 JST 2016","35.71196513","139.77521469"
"@かさぶたP","I'm at 世界堂 新宿西口店 in 新宿区, 東京都 https://t.co/0Bmh9YEHbT","東京都","Tue Apr 05 15:49:04 JST 2016","35.69000937","139.69758648"
"@おさとう","I'm at 大宮駅 (Ōmiya Sta.) in さいたま市, Saitama Prefecture https://t.co/L51IefBuO1","","Tue Apr 05 15:49:04 JST 2016","35.90625838","139.6239996"
"@みっちぃ✩ネコナ♪μ'sは永久に不滅","I'm at こってぃングセンター津たかの店 w/ @rokkeyyy19 https://t.co/pJuOihroun","","Tue Apr 05 15:49:09 JST 2016","34.68035854","136.50289731"
"@Falcon7531","I'm at セガ秋葉原 - @segaakihabara in 千代田区, 東京都 https://t.co/wDOjhStOG3","東京都","Tue Apr 05 15:49:13 JST 2016","35.698025","139.772411"
"@きたきつね","I'm at 東京駅 (Tokyo Sta.) in 千代田区, 東京都 https://t.co/pRafRUDV6Y","東京都","Tue Apr 05 15:49:14 JST 2016","35.68128286","139.76701498"
"@まっすー","I'm at SHIBUYA TSUTAYA in 渋谷区, 東京都 https://t.co/FONqpRfatM","東京都","Tue Apr 05 15:49:15 JST 2016","35.65981771","139.7003755"
"@とくひさ","I'm at ジュンテンドー 江津店 in 江津市, 島根県 https://t.co/uX9MrpB3Cr","島根県","Tue Apr 05 15:49:16 JST 2016","34.98290226","132.18510747"
"@ば ろ ん て ゃ ん","I'm at 蒲生駅 (Gamō Sta.) in 越谷市, 埼玉県 https://t.co/ljmJMo6XJR","埼玉県","Tue Apr 05 15:49:20 JST 2016","35.86686527","139.79169737"
"@エリ@3/31 μ's 4/2 流田東京","I'm at 砧公園 in 世田谷区, 東京都 w/ @kohki_h917 https://t.co/InQ5jRU2lo","東京都","Tue Apr 05 15:49:22 JST 2016","35.63058175","139.62020159"
"@るいん@ぎゃらくしぃえふじー","I'm at ナチュラルローソン 品川インターシティ店 in 港区, 東京都 https://t.co/yzZP43C1ER","東京都","Tue Apr 05 15:49:29 JST 2016","35.62811733","139.74205348"
"@・ω・)","I'm at 丸亀製麺 下北沢店 in 世田谷区, 東京都 https://t.co/FwQKuskEnh","東京都","Tue Apr 05 15:49:30 JST 2016","35.65979999","139.66740887"
"@マサ(*^ω^*)","I'm at 赤羽駅 (Akabane Sta.) - @jreast_official in 北区, 東京都 https://t.co/dV8sCfvsWB","東京都","Tue Apr 05 15:49:30 JST 2016","35.77806244","139.72083807"
"@すいらん@目指せ橙皆伝","I'm at ラウンドワンスタジアム ららぽーと新三郷店 in 三郷市, 埼玉県 https://t.co/FajXKCjV82","埼玉県","Tue Apr 05 15:49:38 JST 2016","35.85940237","139.86707848"
"@塩っぺ","I'm at プレイステーション ネーブル 西宮店 in 西宮市, 兵庫県 https://t.co/rMqXW3y55x","兵庫県","Tue Apr 05 15:49:39 JST 2016","34.74258503","135.3541676"
"@ゆかり","I'm at ファミリーマート 境南町二丁目店 - @famima_now in 武蔵野市, 東京都 https://t.co/pIxbhkwRMo","東京都","Tue Apr 05 15:49:41 JST 2016","35.700575","139.5464623"
"@トーマス→4/2横浜戦","I'm at Starbucks Coffee OBP松下IMPビル店 - @starbucks_j in 大阪市, 大阪府 https://t.co/8RuEqw56QX","大阪府","Tue Apr 05 15:49:42 JST 2016","34.69176825","135.53120613"
"@るいん@ぎゃらくしぃえふじー","I'm at 品川インターシティ (Shinagawa Intercity) in 港区, 東京都 https://t.co/Ub3bmS6DiU","東京都","Tue Apr 05 15:49:44 JST 2016","35.62656595","139.74139452"
"@Pinkman.","I'm at Стрела in Владивосток w/ @mikalafleur https://t.co/oUA1NjR1gx","","Tue Apr 05 15:50:13 JST 2016","43.11838506","131.88103372"
"@とらさん@サイファ好きの奈良線乗り","I'm at マキノ駅 (Makino Sta.) in 高島市, 滋賀県 https://t.co/JIClLKA8rm","滋賀県","Tue Apr 05 15:50:14 JST 2016","35.46122049","136.06001973"
"@けいちゃん@土浦","I'm at 小室 交差点 in 船橋市, 千葉県 https://t.co/23bRZJIhiK","千葉県","Tue Apr 05 15:50:15 JST 2016","35.78431505","140.07715277"
"@たか@4/10ライブ","I'm at 新宿駅 (Shinjuku Sta.) in 新宿区, 東京都 https://t.co/1LRDkRxFC4","東京都","Tue Apr 05 15:50:18 JST 2016","35.69080269","139.70027923"
"@かもめライナー","I'm at 春日原駅 (Kasugabaru Sta.) in 春日市, 福岡県 https://t.co/Y7mzFDu1XR https://t.co/55jQnRZLLE","福岡県","Tue Apr 05 15:50:18 JST 2016","33.53796521","130.47319025"
"@桜あくす","I'm at ゲオ 会津若松インター店 in 会津若松市, 福島市 https://t.co/KAHllPE3hD","","Tue Apr 05 15:50:19 JST 2016","37.51761267","139.93205398"
"@すぬぺ@Next→","I'm at 国道174号線 in 神戸市中央区, 兵庫県 https://t.co/1AOorniy0N","兵庫県","Tue Apr 05 15:50:22 JST 2016","34.68576499","135.19836277"
"@シャブ原キメ三郎","I'm at アナル開拓センター 西館 https://t.co/Q6z9emvTL9","","Tue Apr 05 15:50:23 JST 2016","33.27696655","130.26649336"
"@ゴースト","I'm at 津山市役所 in Tsuyama, Okayama https://t.co/yhYb0ZJR1Q","","Tue Apr 05 15:50:23 JST 2016","35.06907143","134.00441382"
"@しゅー➜➜","I'm at 円覚寺 (Engaku-ji Temple) in 鎌倉市, 神奈川県 https://t.co/JnXnhTng2j https://t.co/yBhSTT2F4I","神奈川県","Tue Apr 05 15:50:25 JST 2016","35.33770883","139.54752445"
"@タン(譚)@4/3Trident","I'm at ユナイテッド・シネマ豊洲 - @united_cinemas in 江東区, 東京都 https://t.co/GiTndYoy5J","東京都","Tue Apr 05 15:50:25 JST 2016","35.65457638","139.79242086"
"@ノブ@ちっちゃいヲッさん","I'm at 都営大江戸線 東新宿駅 (E02) - @toeikotsu in 新宿区, 東京都 https://t.co/FpfHxo8D79","at 都","Tue Apr 05 15:50:30 JST 2016","35.69790888","139.70746994"
"@拙者車掌＠北の国から2016本物","I'm at 高城町駅 (Takagimachi Sta.) in 松島町, 宮城県 https://t.co/UiL3aTkpls","宮城県","Tue Apr 05 15:50:30 JST 2016","38.38264198","141.07316494"
"@おーえ@千葉全ツいくかも","I'm at イシカワダンススタジオ https://t.co/rzpVgJkwN6","","Tue Apr 05 15:50:39 JST 2016","35.695273","139.927528"
"@ミヤッシー","I'm at アールエスタイチ本店 (RS @TAICHI_official in 大東市, 大阪府 https://t.co/uAl4W2YIEh","大阪府","Tue Apr 05 15:50:43 JST 2016","34.70737647","135.6485635"
"@是政","I'm at 羽田空港 第2旅客ターミナル (HND/RJTT Terminal 2) in Ōta, 東京都 https://t.co/o0405Sby7j https://t.co/piwMENf0xO","東京都","Tue Apr 05 15:50:46 JST 2016","35.55137977","139.78840828"
"@うさっぷる","I'm at 東京外国語大学 府中キャンパス in 府中市, 東京都 https://t.co/NpnI3NeSS8","東京都","Tue Apr 05 15:50:47 JST 2016","35.67520105","139.51949615"
"@つ  っ  き  ー","I'm at SHIBUYA TSUTAYA in 渋谷区, 東京都 https://t.co/4I6WoIg6VQ","東京都","Tue Apr 05 15:50:49 JST 2016","35.65981771","139.7003755"
"@[A28]まっちーさん","I'm at 近鉄百貨店 上本町店 in Osaka, 大阪府 https://t.co/P8KkfKQHBP","大阪府","Tue Apr 05 15:50:51 JST 2016","34.66540534","135.5196619"
"@シャブ原キメ三郎","I'm at メートプラザ佐賀 in 佐賀市, 佐賀県 https://t.co/yrUzQ8k2tG","佐賀県","Tue Apr 05 15:50:54 JST 2016","33.26911599","130.30469388"
"@[yusuke]","I'm at 法観寺 八坂の塔 (Houkanji Temple and Yasaka Pagoda) in Kyoto, 京都府 https://t.co/enOlHEsHcF","京都府","Tue Apr 05 15:51:04 JST 2016","34.99855424","135.7792414"
"@せいじゅ","I'm at 福岡ヤフオク!ドーム (Fukuoka Yafuoku! Dome) in 福岡市, 福岡県 https://t.co/maE4xAh6oR","福岡県","Tue Apr 05 15:51:06 JST 2016","33.59531246","130.36208242"
"@かぜの","I'm at 東京スカイツリータウン (Tokyo Skytree Town) in 墨田区, 東京都 https://t.co/8eJznY82e6","東京都","Tue Apr 05 15:51:08 JST 2016","35.709914","139.809866"
"@[A28]まっちーさん","I'm at 大阪上本町駅 (Osaka-Uehommachi Sta.) (A03/D03) in 大阪市, 大阪府 https://t.co/j5yAWykumO","大阪府","Tue Apr 05 15:51:08 JST 2016","34.66554873","135.52124977"
"@すぬぺ@Next→","I'm at 神戸大橋 in 神戸市, 兵庫県 https://t.co/GVaxTZXbB3","兵庫県","Tue Apr 05 15:51:10 JST 2016","34.67839374","135.20371914"
"@もりっちょ","I'm at TOWER RECORDS 新宿店 - @tower_shinjuku in Shinjuku, 東京都 https://t.co/GhdQfkboVa","東京都","Tue Apr 05 15:51:10 JST 2016","35.68994486","139.70154762"
"@発砲(八方)スチロール美人","I'm at 名古屋駅 (Nagoya Sta.) in 名古屋市, 愛知県, 愛知県 https://t.co/TD0bWnrA6u","愛知県","Tue Apr 05 15:51:11 JST 2016","35.17066865","136.88164473"
"@フープ","I'm at 鴨川 (Kamo River) in 京都市, 京都府 https://t.co/0RukhQ9GaQ","京都府","Tue Apr 05 15:51:11 JST 2016","35.01937861","135.77156693"
"@かの子の七つのおいＹに","I'm at 池袋駅 (Ikebukuro Sta.) in 豊島区, 東京都 https://t.co/hzV59weHSH","東京都","Tue Apr 05 15:51:13 JST 2016","35.73046545","139.71132052"
"@こーやま","I'm at ラウンドワン モレラ岐阜店 - @r1_gifu in 本巣市, 岐阜県 https://t.co/PD57uEantk","岐阜県","Tue Apr 05 15:51:15 JST 2016","35.45523856","136.67342224"
"@家田・もじゃ・祐司","I'm at コメダ珈琲店 覚王山店 in 名古屋市千種区, 愛知県 https://t.co/0AL5yMqtFy","愛知県","Tue Apr 05 15:51:17 JST 2016","35.16744994","136.95305586"
"@かぜの","I'm at 東京ソラマチ (Tokyo Solamachi) in 墨田区, 東京都 https://t.co/IIzkuf9grC","東京都","Tue Apr 05 15:51:23 JST 2016","35.71035","139.812242"
"@むっち君","I'm at EVERGREEN コンテナターミナル in 江東区青海, 東京都 https://t.co/PataSKWavf","東京都","Tue Apr 05 15:51:23 JST 2016","35.61523039","139.78116611"
"@igaさん","I'm at 長寿庵 in 渋谷区, 東京都 https://t.co/g9Nl8l8Lvx","東京都","Tue Apr 05 15:51:26 JST 2016","35.666137","139.692108"
"@CVN95_A-Overdrive","I'm at 所沢駅 (Tokorozawa Sta.) (SS22/SI17) - @seiburailway in 所沢市, 埼玉県, 埼玉県 https://t.co/RUhLPgW8Gz","埼玉県","Tue Apr 05 15:51:28 JST 2016","35.78713602","139.47336137"
"@スシダイスキれあーど⊿","I'm at 練馬駅 (Nerima Sta.) - @seiburailway in Nerima, 東京都 https://t.co/iipLaDcgHF","東京都","Tue Apr 05 15:51:30 JST 2016","35.73787383","139.65452313"
"@きょうとなう","I'm at 九条駅 (Kujo Sta.) (K12) in 京都市, 京都府 https://t.co/ZaK7gCPPXI","京都府","Tue Apr 05 15:51:34 JST 2016","34.97906077","135.75968944"
"@ねくさす。","I'm at ラウンドワンスタジアム 豊橋店 in 豊橋市, 愛知県 https://t.co/n1LkAdxfNv","愛知県","Tue Apr 05 15:51:34 JST 2016","34.72408101","137.4322923"
"@淡海","I'm at 南海 なんば駅 (Nankai Namba Sta.)(NK01) in Chūō, Ōsaka https://t.co/NuAQojAA6j","","Tue Apr 05 15:51:37 JST 2016","34.66341101","135.50190903"
"@薮  下  あ ん じ ぱ ん ま ん","I'm at マクドナルド 秋葉原駅前店 - @mcdonaldsjapan in 千代田区, 東京都 https://t.co/BbDi3Qakja","東京都","Tue Apr 05 15:51:39 JST 2016","35.69926155","139.77390558"
"@NARRY受験生","I'm at 三千院 (Sanzen-in Temple) in Kyoto, 京都府 https://t.co/TA6ai73BkP","京都府","Tue Apr 05 15:51:42 JST 2016","35.119755","135.83438694"
"@全地震速報","【極微小地震速報 茨城県49/221】
2016/04/05 15:16:45 JST, 
日本 茨城県 高萩市 付近, 
M0.1, TNT21.3g, 深さ5.8km, 
MAP https://t.co/WvV1pSTYwR 1343","茨城県","Tue Apr 05 15:51:46 JST 2016","36.8077","140.5801"
"@http://www.1ststep","I'm at 里見駅 (Satomi Sta.) in 市原市, 千葉県 https://t.co/TWOHZ9qenh","千葉県","Tue Apr 05 15:51:51 JST 2016","35.33668482","140.14550149"
"@JINTA","I'm at 西大橋交差点 in 大阪市, 大阪府 https://t.co/5nifd84XHd","大阪府","Tue Apr 05 15:51:55 JST 2016","34.67603061","135.49326945"
"@ユウキ@拗らせ中","I'm at @AKB48CAFE & SHOP AKIHABARA in 千代田区, 東京都 https://t.co/ENa4uveSU7","東京都","Tue Apr 05 15:51:57 JST 2016","35.69899363","139.7729373"
"@利久","I'm at 中野島駅 (Nakanoshima Sta.) - @jreast_official in 川崎市, 神奈川県 https://t.co/bKT3f1J2CY","神奈川県","Tue Apr 05 15:51:58 JST 2016","35.63010866","139.55059766"
"@シャブ原キメ三郎","I'm at 佐賀駅周辺 https://t.co/ydCuzOjv8h","","Tue Apr 05 15:52:00 JST 2016","33.25601136","130.29834479"
"@Taylor   Thomas","I'm at 関西国際空港 第1ターミナルビル (KIX Terminal 1) in 泉佐野市, 大阪府 https://t.co/fAuNjRkRzl","大阪府","Tue Apr 05 15:52:01 JST 2016","34.43500933","135.2442205"
"@幸爾麻呂","I'm at 恵那峡SA (下り) in 恵那市, 岐阜県 https://t.co/stSl5cX9TL","岐阜県","Tue Apr 05 15:52:05 JST 2016","35.45396702","137.43802071"
"@ＡＣＴ(半角ではない)","I'm at 八千代市役所 (Yachiyo City Office) in 八千代市, 千葉県 https://t.co/v4v2n4oopH","千葉県","Tue Apr 05 15:52:06 JST 2016","35.72240155","140.09991467"
"@ももかす","I'm at 熊本市水前寺競技場 in 熊本市, 熊本県 https://t.co/kkalhsC5ad","熊本県","Tue Apr 05 15:52:11 JST 2016","32.79414719","130.74136019"
"@ベクトル侍↑↓←→","I'm at ローソン フォレストモール南大沢店 in 八王子市, 東京都 https://t.co/xG8KtUWau9","東京都","Tue Apr 05 15:52:12 JST 2016","35.61327136","139.38094647"
"@かばさん","I'm at 運河駅 (Unga Sta.) in 流山市, 千葉県 https://t.co/PUq6YXPiMn","千葉県","Tue Apr 05 15:52:13 JST 2016","35.91464173","139.90579717"
"@ひろたま","I'm at @SHIBUYATSUTAYA in 渋谷区, 東京都 https://t.co/zWMe4TxHQW","東京都","Tue Apr 05 15:52:15 JST 2016","35.65981771","139.7003755"
"@伏木ゆろ@9日までLA","I'm at 成田国際空港 (Narita International Airport) (NRT) in 成田市, JP https://t.co/hufi41USL5","","Tue Apr 05 15:52:16 JST 2016","35.77304868","140.38802147"
"@利久","I'm at 中野島第二踏切 in 川崎市多摩区, 神奈川県 https://t.co/BXnuN3xbaC","神奈川県","Tue Apr 05 15:52:17 JST 2016","35.630288","139.54994"
"@マトパと〜じょ〜","I'm at 武蔵浦和駅 1-2番線ホーム - @jreast_official in さいたま市, 埼玉県 https://t.co/3N8A3ZY6O2","埼玉県","Tue Apr 05 15:52:20 JST 2016","35.84604366","139.64737873"
"@アクセス快特＠ﾎｹﾞｪ( ´ｰ`)","I'm at 京成津田沼駅 1-2番線ホーム - @keiseirailway in 習志野市, 千葉県 https://t.co/kIQBRuGlEG","千葉県","Tue Apr 05 15:52:21 JST 2016","35.68354866","140.02465725"
"@うし","I'm at マクドナルド イオンモール大阪ドームシティ店 - @love_mcd in Osaka, 大阪府 https://t.co/QywsmKgRBN","大阪府","Tue Apr 05 15:52:22 JST 2016","34.67004717","135.47814015"
"@まっつん","I'm at CAPO 大谷地 in 札幌市厚別区, 札幌市,北海道 https://t.co/Jr0k4XlG5v","北海道","Tue Apr 05 15:52:25 JST 2016","43.02643155","141.45346999"
"@しんさん⊿","I'm at TOWER RECORDS 梅田大阪マルビル店 - @tower_marubiru in 大阪市, 大阪府 https://t.co/04vvEtkQgd","大阪府","Tue Apr 05 15:52:25 JST 2016","34.70013946","135.49689531"
"@け→/桂＠TOEIC(´・ω・`)","I'm at イオンモール直方 in 直方市, 福岡県 https://t.co/YypxBJ76zP","福岡県","Tue Apr 05 15:52:26 JST 2016","33.7689228","130.74947592"
"@マトパと〜じょ〜","I'm at 武蔵浦和駅 (Musashi-Urawa Sta.) in さいたま市, 埼玉県 https://t.co/ibEoiiVeiE","埼玉県","Tue Apr 05 15:52:26 JST 2016","35.84588441","139.64734386"
"@ゆっきー","I'm at ドスパラ八王子店 (Dospara) in 八王子市, 東京都 https://t.co/Ass53zk6KE","東京都","Tue Apr 05 15:52:27 JST 2016","35.65712928","139.34057819"
"@アクセス快特＠ﾎｹﾞｪ( ´ｰ`)","I'm at 京成津田沼駅 (Keisei-Tsudanuma Sta.) (KS26/SL24) - @keiseirailway in 習志野市, 千葉県 https://t.co/DGBSvTqrFt","千葉県","Tue Apr 05 15:52:28 JST 2016","35.68364507","140.02445273"
"@山手車掌@ミリオン3rd幕張公演","I'm at 千石駅 (Sengoku Sta.) (I14) in 文京区, 東京都 https://t.co/3qtOtYPy2g","東京都","Tue Apr 05 15:52:28 JST 2016","35.7279106","139.74472046"
"@さいふ","I'm at 平和堂 in Kashiwa, Chiba-ken https://t.co/aFx9jAat7n","","Tue Apr 05 15:52:29 JST 2016","35.86058182","139.9732278"
"@きりんです","I'm at サンマルクカフェ 枚方市役所前店 in 枚方市, 大阪府 https://t.co/7DKZsRjTCW","大阪府","Tue Apr 05 15:52:29 JST 2016","34.815222","135.650187"
"@Yohei@MIZUHO600","I'm at ピオレ姫路 ヤング館 in 姫路市, 兵庫県 https://t.co/cbthlDl0M2","兵庫県","Tue Apr 05 15:52:36 JST 2016","34.82708176","134.6897025"
"@えくすP@有坂真白FC","I'm at BOOKOFF SUPER BAZAAR 町田中央通り (本・ソフト館) in 町田市, 東京都 https://t.co/Gx0qXlbjTx","東京都","Tue Apr 05 15:52:40 JST 2016","35.54206547","139.44838464"
"@やまぽん(ず)","I'm at 御茶ノ水駅 (Ochanomizu Sta.) - @jreast_official in Chiyoda, 東京都 https://t.co/UvtYAeZd7B","東京都","Tue Apr 05 15:52:40 JST 2016","35.699583","139.765222"
"@ふーみん","I'm at ローソン 川西平野二丁目店 - @akiko_lawson in 川西市, 兵庫県 https://t.co/OezUQd4vxu","兵庫県","Tue Apr 05 15:52:42 JST 2016","34.86662416","135.4159194"
"@かもめライナー","I'm at ファミリーマート 春日原駅前店 in 春日市, 福岡 https://t.co/wz59FPXCqy","","Tue Apr 05 15:52:42 JST 2016","33.53768545","130.47309668"
"@マトパと〜じょ〜","I'm at 武蔵浦和駅 5-6番線ホーム - @jreast_official in さいたま市, 埼玉県 https://t.co/77Hy4MXEr9","埼玉県","Tue Apr 05 15:52:44 JST 2016","35.84552025","139.6467859"
"@ましろくん","I'm at auショップ エルム八千代台 in 八千代市, 千葉県 https://t.co/r6fujvIh9P","千葉県","Tue Apr 05 15:52:44 JST 2016","35.70000973","140.09248246"
"@ED影山＠はじめ人間ゴン・おしゃれライフ","I'm at 浜口首相遭難現場 in 千代田区, 東京都 https://t.co/HUCbD90WXx","東京都","Tue Apr 05 15:52:49 JST 2016","35.68127733","139.76693264"
"@Yohei@MIZUHO600","I'm at ジュンク堂書店 姫路店 in 姫路市, 兵庫県 https://t.co/nh5LDWS5db","兵庫県","Tue Apr 05 15:52:51 JST 2016","34.827059","134.69035344"
"@きたきたぱん","I'm at 郡山駅 (Kōriyama Sta.) - @jreast_official in 郡山市, 福島県 https://t.co/Thq2RVvrUZ","福島県","Tue Apr 05 15:52:51 JST 2016","37.39791445","140.38845062"
"@ちゅんΣ(:3[布団]","I'm at 落合橋 in 東秩父村, 埼玉県 https://t.co/bzX89b1p1K","埼玉県","Tue Apr 05 15:52:52 JST 2016","36.06462347","139.18479805"
"@トミー","I'm at ベルサール東京日本橋 (Belle Salle Nihonbashi) https://t.co/g2DAC7ZgUP","","Tue Apr 05 15:52:56 JST 2016","35.6819422","139.77368699"
"@たろう","I'm at 中書島駅 (Chūshojima Sta.)(KH28) in 京都市, 京都府, 京都府 https://t.co/oOjnbHS05W","京都府","Tue Apr 05 15:52:56 JST 2016","34.92686198","135.75998783"
"@アクト","I'm at エディオン JR尼崎駅店 - @edion_com in 尼崎市, 兵庫県 https://t.co/uRXsOSHtfq","兵庫県","Tue Apr 05 15:53:02 JST 2016","34.73139388","135.43240428"
"@ざっそ～","I'm at サンシャインサカエ (SUNSHINE SAKAE) - @sunshinesakae in 名古屋市, 愛知県 https://t.co/VwvE9mXx5Q","愛知県","Tue Apr 05 15:53:02 JST 2016","35.16954606","136.90628886"
"@ryo_6556","I'm at 掛川クレーン学校 in Kakegawa, Shizuoka Prefecture https://t.co/9dDA0OIQ65","","Tue Apr 05 15:53:04 JST 2016","34.77603953","137.98864182"
"@利久","I'm at JR 登戸駅 (Noborito Sta.) in 川崎市, 神奈川県 https://t.co/8ewQOVZ80v","神奈川県","Tue Apr 05 15:53:06 JST 2016","35.6207839","139.56991017"
"@なぎ","I'm at 東京駅 (Tokyo Sta.) in 千代田区, 東京都 https://t.co/EIWkDa79Sc","東京都","Tue Apr 05 15:53:07 JST 2016","35.68128286","139.76701498"
"@オル@聖グロNC","I'm at 成田山川越別院 in 川越市, 埼玉県 https://t.co/iaL1lUGpsh","埼玉県","Tue Apr 05 15:53:09 JST 2016","35.91933641","139.48913156"
"@ちゅんΣ(:3[布団]","I'm at 落合の店 https://t.co/NGo8tn6KaF","","Tue Apr 05 15:53:10 JST 2016","36.06444836","139.18496609"
"@ベンちゃん☂@ゆかり王国復活","I'm at カラオケ館 秋葉原本店 in 千代田区, 東京都 https://t.co/ogHlh7PEg5","東京都","Tue Apr 05 15:53:10 JST 2016","35.69767472","139.77241293"
"@うどん","I'm at タイトーステーション 浜松 - @taito_hamamatsu in 浜松市, 静岡県 https://t.co/FBT4MbtRws","静岡県","Tue Apr 05 15:53:12 JST 2016","34.70675687","137.730297"
"@かんづめ","I'm at 阪急 梅田駅 (Hankyū Umeda Sta.) (HK01) in 大阪市, 大阪府 https://t.co/PXD6dWDrjQ","大阪府","Tue Apr 05 15:53:13 JST 2016","34.70520676","135.49838662"
"@Taylor   Thomas","I'm at 大阪府 (Osaka Prefecture) in 大阪府 https://t.co/UWkTDn30Vq","大阪府","Tue Apr 05 15:53:13 JST 2016","34.7361788","135.46930317"
"@きつつっきー","I'm at スポラ菊陽(SPOLA kikuyo) in 菊池郡, 熊本県 w/ @yuna0906_ https://t.co/487rQohpqk","熊本県","Tue Apr 05 15:53:15 JST 2016","32.86463768","130.80905831"
"@マジラジ@ゆいみなは永遠神推し","I'm at 小手指駅 (Kotesashi Sta.)(SI19) - @seiburailway in 所沢市, 埼玉県 https://t.co/3xtvghySNH","埼玉県","Tue Apr 05 15:53:23 JST 2016","35.80057695","139.43801254"
"@いずみ野線沿線民","I'm at 高幡不動駅 (Takahatafudō Sta.) in 日野市, 東京都 https://t.co/mSLk9wbQag","東京都","Tue Apr 05 15:53:24 JST 2016","35.66130614","139.41517353"
"@ひろでん","I'm at 京成八幡駅 (Keisei Yawata Sta.) (KS16) - @keiseirailway in 市川市, 千葉県 https://t.co/d8aKunmWiC","千葉県","Tue Apr 05 15:53:26 JST 2016","35.72388663","139.92805481"
"@ゆうやんぴ(やんぴ)","I'm at ウニクス秩父 in 秩父市, 埼玉県 https://t.co/DHP5FzGTwx","埼玉県","Tue Apr 05 15:53:30 JST 2016","35.99644074","139.08881307"
"@たかし ('A`)@S1000RR","I'm at アストロプロダクツ 多摩八王子店 in 八王子市 https://t.co/Ce5hrJhuaI","","Tue Apr 05 15:53:31 JST 2016","35.628459","139.387064"
"@ゲッティー","I'm at 一勝地駅 in Kuma-mura, 熊本県 https://t.co/c7J4PWNZY3","熊本県","Tue Apr 05 15:53:33 JST 2016","32.2502013","130.65242887"
"@学戦都市こてゆび","I'm at 池袋駅東口北 交差点 in 豊島区, 東京都 https://t.co/mViMT4Sjcy","東京都","Tue Apr 05 15:53:36 JST 2016","35.73122891","139.71292019"
"@もちくり","I'm at 湘南台駅 (Shonandai Sta.) (OE09/B01/SO37) in 藤沢市, 神奈川県 https://t.co/3fTC3tobof","神奈川県","Tue Apr 05 15:53:37 JST 2016","35.396226","139.466404"
"@やまなっきーSwarm垢","I'm at 東京駅 (Tokyo Sta.) in 千代田区, 東京都 w/ @hadoho_j https://t.co/HZXcxGsITT","東京都","Tue Apr 05 15:53:42 JST 2016","35.68128286","139.76701498"
"@オル@聖グロNC","I'm at 川越大師 喜多院 in 川越市, 埼玉県 https://t.co/iGHtcYJVuT","埼玉県","Tue Apr 05 15:53:43 JST 2016","35.91745915","139.48899865"
"@JINTA","I'm at 四ツ橋交差点 in 大阪市西区, 大阪府 https://t.co/VTGnIUHAkg","大阪府","Tue Apr 05 15:53:45 JST 2016","34.67527977","135.49685924"
"@とっしー@μ'sic Forever!","I'm at 甘味処 竹むら in 千代田区, 東京都 https://t.co/cf2YqUuYhE","東京都","Tue Apr 05 15:53:47 JST 2016","35.69670649","139.76905078"
"@がくほく","I'm at 近鉄郡山駅 (Kintetsu-Koriyama Sta.)(B30) in 大和郡山市, 奈良県 w/ @taillight3000 https://t.co/HhqgQlu5mi","奈良県","Tue Apr 05 15:53:49 JST 2016","34.64670446","135.78085542"
"@Eagle＊チルパ諦めた","I'm at 小牧メトロポリス in 小牧市, 愛知県 https://t.co/qY4PURGBjX","愛知県","Tue Apr 05 15:53:51 JST 2016","35.296161","136.90583858"
"@とっしー@μ'sic Forever!","I'm at 神田明神 男坂門 in 千代田区, 東京都 https://t.co/vthSrduXI0","東京都","Tue Apr 05 15:53:54 JST 2016","35.70148988","139.76793601"
"@とっしー@μ'sic Forever!","I'm at 神田明神 (Kanda-Myōjin Shrine) - @kanda_myoujin in 千代田区, 東京都 https://t.co/iDl8Txehm4","東京都","Tue Apr 05 15:53:58 JST 2016","35.70205613","139.76794302"
"@匹李＠福島・宮城車中泊旅行","I'm at 花ごころの湯 新富亭 in 宮城郡松島町, 宮城県 https://t.co/1ODsni959X","宮城県","Tue Apr 05 15:57:20 JST 2016","38.37542993","141.06502712"
"@おふとん大好きbot＠18","I'm at 東京都市大学 横浜キャンパス 学生ホール in Yokohama, Kanagawa-ken https://t.co/DWC8jANI1y","東京都","Tue Apr 05 15:57:19 JST 2016","35.5619978","139.57429826"
"@月島真理亜 @MHF休止中","I'm at マクドナルド 松阪店 - @love_mcd in 松阪市, 三重県 https://t.co/9oS5VKsALv","三重県","Tue Apr 05 15:57:20 JST 2016","34.56263969","136.52802229"
"@デブの極み太め","I'm at 我孫子駅 (Abiko Sta.) in 我孫子市, 千葉県 https://t.co/0NjtIfCAq7","千葉県","Tue Apr 05 15:57:23 JST 2016","35.87277572","140.01059737"
"@山犬","I'm at 権現堂公園 in 久喜市/幸手市, 埼玉県 https://t.co/mVCAVStDPt","埼玉県","Tue Apr 05 15:57:32 JST 2016","36.09244452","139.72128975"
"@たいちゃん","I'm at 八乙女駅 (Yaotome Sta.) (N02) in 仙台市, 宮城県 https://t.co/KS42JmaiEK","宮城県","Tue Apr 05 15:57:33 JST 2016","38.31290519","140.88404775"
"@おびりんてーとく","I'm at 京成金町駅 (Keisei Kanamachi Sta.)(KS51) in 葛飾区, 東京都 https://t.co/gUoZbwUBQG","東京都","Tue Apr 05 15:57:34 JST 2016","35.76848292","139.87046242"
"@エリア66","I'm at 砧町 (東急バス 小田急バス) in 世田谷区, 東京都 https://t.co/WsOf5kKIGl","東京都","Tue Apr 05 15:57:42 JST 2016","35.63628101","139.61925335"
"@あこ","I'm at 城ヶ崎海岸 in 伊東市, 静岡県 https://t.co/sRE8H33K1t https://t.co/HMWmh9HTD3","静岡県","Tue Apr 05 15:57:42 JST 2016","34.89073603","139.13783312"
"@Daiki","I'm at まかいの牧場 in 富士宮市, 静岡県 https://t.co/3cGKigcP5B","静岡県","Tue Apr 05 15:57:44 JST 2016","35.336234","138.584053"
"@Sがみん","I'm at 宇都宮駅西口バスターミナル in 宇都宮市, 栃木県 https://t.co/Of6gTh0wfS","栃木県","Tue Apr 05 15:57:48 JST 2016","36.55914435","139.89745617"
"@全地震速報","【極微小地震速報 茨城県51/223】
2016/04/05 15:21:13 JST, 
日本 茨城県 高萩市 下君田 付近, 
M0.3, TNT42.5g, 深さ4.7km, 
MAP https://t.co/Dqj08cZ4of 1337","茨城県","Tue Apr 05 15:57:51 JST 2016","36.8036","140.5903"
"@かばお","I'm at AGスクエア 豊川店 in 豊川市, 愛知県 https://t.co/7lstYltMWa","愛知県","Tue Apr 05 15:57:55 JST 2016","34.83384022","137.4081248"
"@山口良介@音読スルー","I'm at 二子玉川駅 (Futako-tamagawa Sta.) - @tokyu_official in 世田谷区, 東京都 https://t.co/SuoKchAgC9","東京都","Tue Apr 05 15:57:58 JST 2016","35.61149947","139.62661743"
"@わっち@ハチロク(48650)推し","I'm at 渋谷駅 (Shibuya Sta.) in 渋谷区, 東京都 https://t.co/nqKQ1xVoUL","東京都","Tue Apr 05 15:58:36 JST 2016","35.65852173","139.70132603"
"@あべけん(G)","I'm at JR 池袋駅 5-6番線ホーム - @jreast_official in 豊島区, 東京都 https://t.co/tZpqK0meQ6","東京都","Tue Apr 05 15:58:40 JST 2016","35.73006924","139.71102531"
"@どーぱみん","I'm at 阪急西宮ガーデンズ スカイガーデン - @gardens_live in 西宮市, 兵庫県 https://t.co/MsckW79vj6","兵庫県","Tue Apr 05 15:58:42 JST 2016","34.74411","135.35973827"
"@ティーズ@鳶沢みさきFC","I'm at 道の駅 うつのみや ろまんちっく村 in 宇都宮市, 栃木県 https://t.co/MXq6UiLrEo","栃木県","Tue Apr 05 15:58:45 JST 2016","36.63296116","139.83124245"
"@ＡＫＩ","I'm at ママチャリで溢れかえる大学 https://t.co/WwIFOeSbs2","","Tue Apr 05 15:58:55 JST 2016","34.74754789","136.52120032"
"@さとみん！@就職から10年！","I'm at ライフ 川崎桜本店 in 川崎市, 神奈川県 https://t.co/Uc0IXvYwZ9","神奈川県","Tue Apr 05 15:59:00 JST 2016","35.52105487","139.72364912"
"@かもちゃん","I'm at 大垣共立銀行 名古屋支店 in 名古屋市中区, 愛知県 https://t.co/kZ8g0f2DCW","愛知県","Tue Apr 05 15:59:00 JST 2016","35.16709911","136.9073081"
"@たかぼん@Secret Treasure","I'm at 京急川崎駅 (Keikyū Kawasaki Sta.) (KK20) - @keikyu_official in 川崎市, 神奈川県 https://t.co/vQORGfxc6U","神奈川県","Tue Apr 05 15:59:03 JST 2016","35.53275445","139.70074296"
"@RikuriP (リクリ)","I'm at アドアーズ サンシャイン店 - @adoressunshine in Toshima, 東京都 https://t.co/xxpoAkf6NO","東京都","Tue Apr 05 15:59:03 JST 2016","35.72983106","139.71479774"
"@とらさん@サイファ好きの奈良線乗り","I'm at 近江今津駅 (Ōmi-Imazu Sta.) in 高島市, 滋賀県 https://t.co/UpegcopmSl","滋賀県","Tue Apr 05 15:59:10 JST 2016","35.3985438","136.03237152"
"@おびりんてーとく","I'm at 金町駅 (Kanamachi Sta.) in 葛飾区, 東京都 https://t.co/7Gz7jhKWry","東京都","Tue Apr 05 15:59:10 JST 2016","35.7695493","139.87045169"
"@ちゅんΣ(:3[布団]","I'm at 定峰峠 in 秩父郡東秩父村, 埼玉県 https://t.co/AC98d5Z7JJ","埼玉県","Tue Apr 05 15:59:19 JST 2016","36.01119326","139.16416755"
"@いーしー","I'm at 茅ケ崎駅 (Chigasaki Sta.) - @jreast_official in 茅ヶ崎市, 神奈川県 https://t.co/xaFKyZIgU0","神奈川県","Tue Apr 05 15:59:19 JST 2016","35.33030966","139.40673396"
"@氷暮井 しおん@けもケⓘ-³³/₃₄","I'm at ブックオフ/オフハウス/ハードオフ 鎌ヶ谷道野辺店 in 鎌ヶ谷市, 千葉県 https://t.co/G1ctsqqxi5","千葉県","Tue Apr 05 15:59:23 JST 2016","35.75030869","140.00118256"
"@せんだぎチェックイン専","I'm at 東神奈川駅 (Higashi-Kanagawa Sta.) - @jreast_official in 横浜市, 神奈川県 https://t.co/jH3jHZItm2","神奈川県","Tue Apr 05 15:59:24 JST 2016","35.47795341","139.63331223"
"@ぱとりっく㌠☪︎","I'm at 姫路駅 (Himeji Sta.) in 姫路市, 兵庫県 https://t.co/dlhFKDTbV3","兵庫県","Tue Apr 05 15:59:28 JST 2016","34.82669795","134.69053745"
"@こたろ","I'm at ココリア多摩センター in 多摩市, 東京都 https://t.co/vZljmHjOWj","東京都","Tue Apr 05 15:59:30 JST 2016","35.62224471","139.42495823"
"@白石(⃔ *`꒳´ * )⃕↝","I'm at 水道橋駅 (Suidōbashi Sta.) in 千代田区, 東京都 https://t.co/QWIp8Mpx6f","東京都","Tue Apr 05 15:59:32 JST 2016","35.702002","139.754315"
"@はやぶさ","I'm at 六甲道駅 (Rokkōmichi Sta.) in 神戸市, 兵庫県 https://t.co/JViCMraAzA","兵庫県","Tue Apr 05 15:59:35 JST 2016","34.71498325","135.23848057"
"@氷暮井 しおん@けもケⓘ-³³/₃₄","I'm at ダイソー 鎌ヶ谷道野辺店 in 鎌ヶ谷市, 千葉県 https://t.co/ZfRgbw7xy4","千葉県","Tue Apr 05 15:59:37 JST 2016","35.7503786","140.00138059"
"@いちごいろ改","I'm at パスタ・デ・ココ 中区丸の内一丁目店 in Nagoya, Aichi https://t.co/p6BI1c6qQW","","Tue Apr 05 15:59:38 JST 2016","35.17700018","136.8960236"
"@なぎ","I'm at 秋葉原駅 (Akihabara Sta.) in 千代田区, 東京都 https://t.co/kKnJqoizUH","東京都","Tue Apr 05 15:59:41 JST 2016","35.6985962","139.77301825"
"@えぬ700あ","I'm at 阪急 梅田駅 (Hankyū Umeda Sta.) (HK01) in 大阪市, 大阪府 https://t.co/JW9rUUVvmu","大阪府","Tue Apr 05 15:59:47 JST 2016","34.70520676","135.49838662"
"@うだつのあがらない","I'm at 堺東駅 (Sakaihigashi Sta.) (NK56) in 堺市, 大阪府 https://t.co/Cg8FruqPkH","大阪府","Tue Apr 05 15:59:55 JST 2016","34.57549843","135.4848361"
"@ももかす","I'm at 新水前寺駅 (Shin-Suizenji Sta.) in Kumamoto, 熊本県 https://t.co/t9BOiOafR8","熊本県","Tue Apr 05 15:59:59 JST 2016","32.7934392","130.72602868"
"@マグロ@アスタリスク2期待機","I'm at JR 京葉線 東京駅 - @jreast_official in 千代田区, 東京都 https://t.co/bwWZ2qr8sq","東京都","Tue Apr 05 16:00:01 JST 2016","35.68062982","139.76657822"
"@りょうすけ","I'm at 小畑川と犬川の合流 https://t.co/xaeLYByYaJ","","Tue Apr 05 16:00:01 JST 2016","34.9070041","135.70004382"
"@阿部","I'm at GEO 草加新田店 in 草加市, 埼玉県 https://t.co/mwnhcuh7nU","埼玉県","Tue Apr 05 16:00:01 JST 2016","35.85357672","139.80011773"
"@ぬるぬる","I'm at THE NORTH FACE SORA 神戸店 in 神戸市中央区, 兵庫県 https://t.co/Czvb6K8a8x","兵庫県","Tue Apr 05 16:00:09 JST 2016","34.68936153","135.19259288"
"@やまなっきーSwarm垢","I'm at 秋葉原駅 (Akihabara Sta.) in 千代田区, 東京都 https://t.co/k0MvYz39Mk","東京都","Tue Apr 05 16:00:11 JST 2016","35.6985962","139.77301825"
"@花粉","I'm at 緑のパーカー出没スポット https://t.co/rnnG7HuHdr","","Tue Apr 05 16:00:12 JST 2016","37.52401921","139.93768729"
"@null","I'm at ライダーズスタンド 西宮2りんかん in 西宮市, 兵庫県 https://t.co/9XB1s0EEhw","兵庫県","Tue Apr 05 16:00:13 JST 2016","34.762386","135.36742589"
"@こーちゃん","I'm at 丸亀製麺 千葉ニュータウン中央店 in 印西市, 千葉県 https://t.co/w20nHYmuuk","千葉県","Tue Apr 05 16:00:14 JST 2016","35.80379651","140.11654973"
"@biaslook","I'm at JR 三ノ宮駅 (Sannomiya Sta.) in 神戸市, 兵庫県 https://t.co/f9y3PwtSiU","兵庫県","Tue Apr 05 16:00:16 JST 2016","34.69406182","135.19412756"
"@りょうすけ","I'm at 立命館中学校・高等学校 長岡京キャンパス in 長岡京市, 京都府 https://t.co/Ux7c8aVI0t","京都府","Tue Apr 05 16:00:18 JST 2016","34.91521826","135.69456672"
"@ぜっちん","I'm at マックスバリュ 今治阿方店 in 今治市 https://t.co/XlmL3oKRVA","","Tue Apr 05 16:00:23 JST 2016","34.06185031","132.96509692"
"@なお'92","I'm at 魚の棚商店街 in 明石市, 兵庫県 https://t.co/YeNcYrq6ee","兵庫県","Tue Apr 05 16:00:23 JST 2016","34.64701118","134.99218673"
"@めめ(瞳)","I'm at JR川崎駅 1-2番線ホーム in 川崎市, 神奈川県 https://t.co/GzB88msn0j","神奈川県","Tue Apr 05 16:00:26 JST 2016","35.53098642","139.69662577"
"@【853】ＲＡＫ＠ぐへへ2位","I'm at 竜ヶ崎線 入地駅 in 龍ケ崎市, 茨城県 https://t.co/ZDDFmRNfZ5","茨城県","Tue Apr 05 16:00:27 JST 2016","35.91908721","140.15709065"
"@showhey","I'm at 水火天満宮 in 京都市上京区, 京都府 https://t.co/NGcaSKNNQM https://t.co/NMP4Czf1ps","京都府","Tue Apr 05 16:00:29 JST 2016","35.03626885","135.7518661"
"@中華料理屋に住みたい。","I'm at 万世橋警察署 - @mpd_yokushi in 千代田区, 東京都 https://t.co/lT9CDA7gtF","東京都","Tue Apr 05 16:00:32 JST 2016","35.69727283","139.77179468"
"@よこちん","I'm at 山陽道 三木SA (下り/山口方面) in 三木市, 兵庫県 https://t.co/tKulDR39wT","兵庫県","Tue Apr 05 16:00:33 JST 2016","34.81583806","134.98097777"
"@ぬこ","I'm at 東京アニメセンター in 千代田区, 東京都 https://t.co/GbD1pY1KC4 https://t.co/iJu9LLiPZn","東京都","Tue Apr 05 16:00:33 JST 2016","35.70041817","139.77261543"
"@マグロ@アスタリスク2期待機","I'm at JR東京駅 京葉地下3-4番線ホーム - @jreast_official in 千代田区, 東京都 https://t.co/JnIyNLtKJa","東京都","Tue Apr 05 16:00:35 JST 2016","35.67744828","139.76574898"
"@とも︎あき","I'm at 広畑ゴルフ倶楽部 in 熊本市, 熊本県 https://t.co/ddHnmFOhqK","熊本県","Tue Apr 05 16:00:40 JST 2016","32.816385","130.76906204"
"@NSK@FLL 2Days","I'm at 新京極商店街 in 京都市, 京都府 https://t.co/lBIecfiYbK","京都府","Tue Apr 05 16:00:46 JST 2016","35.00591225","135.76717615"
"@たかひー(公式)","I'm at 名古屋文理大学 - @nbu_pr in 稲沢市, 愛知県 https://t.co/xj7kkwp9LP","愛知県","Tue Apr 05 16:00:49 JST 2016","35.24877302","136.79204616"
"@アツレボ[4/3 SKE48秋田全ツ]","I'm at マクドナルド 東京スカイツリータウン・ソラマチ店 - @mcdonaldsjapan in 墨田区, 東京都 https://t.co/dfYfH1OEBu","東京都","Tue Apr 05 16:00:50 JST 2016","35.70999144","139.80931357"
"@なきむし","I'm at Hogwarts Castle https://t.co/fBxdxYxcGV","","Tue Apr 05 16:00:51 JST 2016","34.66673774","135.4319174"
"@ひろでん","I'm at 京成高砂駅 (Keisei Takasago Sta.) (KS10) in Katsushika, 東京都 https://t.co/XN1gZ1w4uU","東京都","Tue Apr 05 16:00:52 JST 2016","35.75086595","139.86690044"
"@⌬ゐろどり⌬","I'm at エーツー日本橋店 in 大阪市, 大阪府 https://t.co/lHrCQsEdI4","大阪府","Tue Apr 05 16:00:52 JST 2016","34.66018881","135.50586251"
"@かもめライナー","I'm at セブンイレブン 西春町4丁目店 in 福岡市, 福岡県 https://t.co/7J5gbmKQah","福岡県","Tue Apr 05 16:00:52 JST 2016","33.53977162","130.46767831"
"@なめちん㌠","I'm at 四日市郵便局 in 四日市市, 三重県 https://t.co/IfH5QTVxtF","三重県","Tue Apr 05 16:00:55 JST 2016","34.96644061","136.62730157"
"@:::yori:::","I'm at 生駒駅前図書館 in 生駒市, 奈良県 https://t.co/XX6YqLnRgj https://t.co/bW1y1LXipp","奈良県","Tue Apr 05 16:00:58 JST 2016","34.694206","135.69761"
"@たかぼん@Secret Treasure","I'm at 川崎ダイス (DICE) in 川崎市, 神奈川県 https://t.co/CAyiP3NtDE","神奈川県","Tue Apr 05 16:00:58 JST 2016","35.53137932","139.70022261"
"@かもめライナー","I'm at ローソン 福岡西春町三丁目店 in 福岡市, Fukuoka https://t.co/tlTXv2RhCA","","Tue Apr 05 16:07:48 JST 2016","33.540674","130.466363"
"@おなか卒業生","I'm at 新潟駅 (Niigata Sta.) - @jreast_official in 新潟市, 新潟県 https://t.co/BEf0r9dlVK","新潟県","Tue Apr 05 16:07:49 JST 2016","37.91201801","139.06187832"
"@みきお春臣Ｐ","I'm at アニメイト 八王子店 - @animatehachioji in 八王子市, 東京都 https://t.co/UUq0W6T5Li","東京都","Tue Apr 05 16:07:52 JST 2016","35.65686474","139.33775693"
"@Suncica@トランクおじさん","I'm at 登戸駅 (Noborito Sta.) in 川崎市, 神奈川県 https://t.co/iLb5EzOB5U","神奈川県","Tue Apr 05 16:07:53 JST 2016","35.62081442","139.56971169"
"@ほそにゃー","I'm at 新鎌ヶ谷駅 (Shin-Kamagaya Sta.) in 鎌ケ谷市, 千葉県 https://t.co/9XClAX1EyQ","千葉県","Tue Apr 05 16:07:53 JST 2016","35.77933324","139.99888659"
"@あざか","I'm at 松屋 桶川店 in 桶川市, 埼玉県 https://t.co/qMvdMXOw6L","埼玉県","Tue Apr 05 16:07:55 JST 2016","36.01074866","139.5629434"
"@のふくそが写ってる写真ください","I'm at 池袋駅 (Ikebukuro Sta.) in 豊島区, 東京都 w/ @momoz11715 https://t.co/lHJnq0fWrt","東京都","Tue Apr 05 16:07:57 JST 2016","35.73046545","139.71132052"
"@ちぇば","I'm at フェリス女学院大学 学食 in 横浜市泉区, 神奈川県 https://t.co/N2E2sfgKCF","神奈川県","Tue Apr 05 16:08:00 JST 2016","35.43724551","139.5253373"
"@のーもあ松松","I'm at 店麺多房 あいうえお in 名古屋市, 愛知県 https://t.co/fIxJjp6PMY","愛知県","Tue Apr 05 16:08:00 JST 2016","35.121893","137.00923838"
"@長崎秋刀魚","I'm at 立命館大学 衣笠キャンパス in 京都市, 京都府 https://t.co/ueNMW2rdc5","京都府","Tue Apr 05 16:08:06 JST 2016","35.03255286","135.72402477"
"@ズレてる方がいい風馬","I'm at 野寄公園 in Kobe, Hyogo Prefecture https://t.co/XRHDfJs9Lo https://t.co/xUAYcpNtjR","","Tue Apr 05 16:08:06 JST 2016","34.72526918","135.26464806"
"@るかお","I'm at 三井アウトレットパーク 横浜ベイサイド (MITSUI OUTLET PARK YOKOHAMA BAYSIDE) in 横浜市, 神奈川県 https://t.co/UPghjPBGZJ","神奈川県","Tue Apr 05 16:08:09 JST 2016","35.3797081","139.64657307"
"@Suncica@トランクおじさん","I'm at 小田急 登戸駅 (Noborito Sta.) (OH18) - @odakyuline_info in 川崎市, 神奈川県 https://t.co/IGJnGouX0r","神奈川県","Tue Apr 05 16:08:12 JST 2016","35.62104118","139.56945419"
"@ゆい","I'm at 愛宕 交差点 in 横浜市旭区, 神奈川県 https://t.co/Y9dfqbIaxW","神奈川県","Tue Apr 05 16:08:14 JST 2016","35.48144832","139.55351226"
"@がくほく","I'm at 郡山城趾 in 大和郡山市, 奈良県 https://t.co/QZ7DWPQSdG","奈良県","Tue Apr 05 16:08:16 JST 2016","34.65193831","135.77899933"
"@さとみん@feather","I'm at クラボウドライビングスクール in 倉敷市, 岡山県 https://t.co/1USGGQyWw4","岡山県","Tue Apr 05 16:08:18 JST 2016","34.60778356","133.76426458"
"@かごはら","I'm at ファミリーマート 本間美術館前店 in 酒田市, 山形県 https://t.co/zADuigd114","山形県","Tue Apr 05 16:08:22 JST 2016","38.92314235","139.84284908"
"@えりぃ(姉)@ゴリラ作業着洗濯係","I'm at 八幡PA (下り) in 三原市, 広島県 w/ @koooji261 https://t.co/8Ils0zv2IX","広島県","Tue Apr 05 16:08:26 JST 2016","34.47339546","133.10004115"
"@uño虎","I'm at Esso Express 木村石油 大徳寺SS in 京都市, 京都府 https://t.co/tagvtcelDl","京都府","Tue Apr 05 16:08:27 JST 2016","35.04160974","135.75322866"
"@めいがす","I'm at 平塚駅前郵便局 in 平塚市, 神奈川県 https://t.co/INOiXTNsNF https://t.co/VAX3RBcQDF","神奈川県","Tue Apr 05 16:08:30 JST 2016","35.32720341","139.35077906"
"@黒ペンイージーした✌️","I'm at 大宮駅 (Ōmiya Sta.) in さいたま市, Saitama Prefecture https://t.co/PUpiWGTGon","","Tue Apr 05 16:08:33 JST 2016","35.90625838","139.6239996"
"@エディ＠デスラビ・覆面MANIA","I'm at 綱島駅 (Tsunashima Sta.) (TY14) - @tokyu_official in 横浜市, 神奈川県 https://t.co/qRqegFay4R","神奈川県","Tue Apr 05 16:08:33 JST 2016","35.53694083","139.63486791"
"@キリヤ","おひる (@ 廿日市食堂 in 廿日市市, 広島県 w/ @redfram07 @gyonic) https://t.co/OGl3BK2BiA","広島県","Tue Apr 05 16:08:36 JST 2016","34.34459114","132.32524375"
"@+R","2016年9月11日

ここで、

オモロイコトします。

#yrcafe
#大人の時間
#愛知県
#犬山市

2016.04.05 @ YR CAFE by恵比寿楽園テーブル https://t.co/4SqgmZ7DUI","#愛知県","Tue Apr 05 16:08:38 JST 2016","35.38053298","136.9411068"
"@KEI.K@私の仕事を増やすな！","I'm at 海津大崎 in 高島市, 滋賀県 https://t.co/mdjs5YJWak https://t.co/hsx5ieYyld","滋賀県","Tue Apr 05 16:08:39 JST 2016","35.44905964","136.08743727"
"@ひらいん","I'm at 伊予上灘駅 in 伊予市, 愛媛県 https://t.co/5JNNDtSCMU","愛媛県","Tue Apr 05 16:08:41 JST 2016","33.6836322","132.63296865"
"@中華料理屋に住みたい。","I'm at disk union お茶の水駅前店 (bookunion) - @diskunion_do1 in 千代田区, 東京都 https://t.co/4GKyU44jtT","東京都","Tue Apr 05 16:08:44 JST 2016","35.69929769","139.76508069"
"@柳 麗羅@DIVA垢","I'm at 調布駅 (Chōfu Sta.) - @keiodentetsu in 調布市, 東京都 https://t.co/2YMEfoXCUL","東京都","Tue Apr 05 16:08:47 JST 2016","35.65188911","139.54439566"
"@ドスケベケツマンコメイド","I'm at JR 新宿駅 (Shinjuku Sta.) - @jreast_official in 新宿区, 東京都 https://t.co/jxzM4pyuCQ","東京都","Tue Apr 05 16:08:48 JST 2016","35.69034569","139.69978809"
"@MACKY","I'm at ハードオフ/オフハウス 横浜長津田店 in 横浜市, 神奈川県 https://t.co/WwcJo8mbBp","神奈川県","Tue Apr 05 16:08:53 JST 2016","35.52937114","139.50389028"
"@βεИ@Mercury","I'm at ヨドバシカメラ マルチメディア梅田 in 大阪市, Ōsaka https://t.co/TIf5CDplBN","","Tue Apr 05 16:08:53 JST 2016","34.70423213","135.49617112"
"@よねよね","I'm at フジグラン 阿南 in 阿南市, 徳島県 https://t.co/xd5hsRFGIv","徳島県","Tue Apr 05 16:08:58 JST 2016","33.92049585","134.66576993"
"@にっしい 〜再び京都府民","I'm at 中久世 バス停 in 京都市, 京都府 https://t.co/6wZU3kD1DQ","京都府","Tue Apr 05 16:08:58 JST 2016","34.96111459","135.71724951"
"@ちゅんΣ(:3[布団]","I'm at 定峰峠 峠の茶屋 in 秩父郡東秩父村, 埼玉県 https://t.co/2KdupgR5Gc","埼玉県","Tue Apr 05 16:09:00 JST 2016","36.011298","139.1641454"
"@むろみん＠むろみあっと","フリーで入った (@ シダックス 福岡大橋駅前クラブ in 福岡市, 福岡県 w/ @longrun63) https://t.co/kaCGjRpWtK","福岡県","Tue Apr 05 16:09:03 JST 2016","33.55818676","130.42706162"
"@磯辺とぅるー","I'm at 京成八幡駅 (Keisei Yawata Sta.) (KS16) - @keiseirailway in 市川市, 千葉県 https://t.co/0K0iGJ90iY","千葉県","Tue Apr 05 16:09:04 JST 2016","35.72388663","139.92805481"
"@決め球はユスケ","I'm at そごう 横浜店 in Yokohama, Kanagawa-ken https://t.co/SIIjkKmwRa","","Tue Apr 05 16:09:08 JST 2016","35.465699","139.625298"
"@まるこ","I'm at ウォーターワールド (Water World) in 大阪市, 大阪府 https://t.co/sIW0Knu1Ia","大阪府","Tue Apr 05 16:09:12 JST 2016","34.66676869","135.42985618"
"@Tomomi Hara","I'm at 世田谷区役所太子堂出張所 in 世田谷区, 東京都 https://t.co/3FelNdQBB9","東京都","Tue Apr 05 16:09:23 JST 2016","35.64489106","139.67083261"
"@かすみん@4/1～6関西関東","I'm at 本川越駅 (Hon-Kawagoe Sta.) (SS29) - @seiburailway in 川越市, 埼玉県 https://t.co/1jLAn4YP8f","埼玉県","Tue Apr 05 16:09:26 JST 2016","35.91373153","139.48122025"
"@きりきりきりきり","I'm at バッティングドーム23 in 高知市, 高知県 https://t.co/UwgxP90cLw","高知県","Tue Apr 05 16:09:29 JST 2016","33.53116849","133.47471088"
"@61601","I'm at 京王新線 新宿駅 - @keiodentetsu in 新宿区, 東京都 https://t.co/0zYBzqjtDe","東京都","Tue Apr 05 16:09:30 JST 2016","35.68892751","139.69956279"
"@めいがす","I'm at 平塚駅南口バスターミナル in 平塚市, 神奈川県 https://t.co/mjlbcfLGoQ https://t.co/NRn6TRZtTm","神奈川県","Tue Apr 05 16:09:34 JST 2016","35.32712058","139.35158088"
"@さふぁいあ","I'm at アメヤ横丁 (Ameya Yokocho) in Taito, 東京都 https://t.co/4zm7Io8lpH","東京都","Tue Apr 05 16:09:35 JST 2016","35.7099645","139.77458149"
"@genson","I'm at 万代 川西加茂店 in 川西市, 兵庫県 https://t.co/WCvwKR1T5J","兵庫県","Tue Apr 05 16:09:36 JST 2016","34.81430382","135.41159787"
"@古今このぞ集","I'm at 浦和駒場スタジアム in さいたま市, 埼玉県 https://t.co/7DPkVrUfRQ","埼玉県","Tue Apr 05 16:09:46 JST 2016","35.87111644","139.66569789"
"@TANJI","I'm at 神戸空港 (Kobe Airport - UKB/RJBE) in Kobe, 兵庫県 https://t.co/jRXiOngFZG","兵庫県","Tue Apr 05 16:09:52 JST 2016","34.63677866","135.22868514"
"@阿蘇泥＠黒ウィズしながら白猫修行中","I'm at セブンイレブン 郡山富久山福原店 - @711sej in 郡山市, 福島県 https://t.co/gi3ASK3q5e","福島県","Tue Apr 05 16:09:52 JST 2016","37.42030203","140.40654778"
"@goro","I'm at @AKB48CAFE & SHOP AKIHABARA in 千代田区, 東京都 w/ @mt4_yukarun0828 https://t.co/wUdkOKYa8r","東京都","Tue Apr 05 16:09:53 JST 2016","35.69899363","139.7729373"
"@全地震速報","【微小地震速報 茨城県52/225】
2016/04/05 15:31:51 JST, 
日本 茨城県 大洗町役場の東北東33km, 
M2.0, TNT15.1kg, 深さ42.4km, 
MAP https://t.co/YTcmZUYtkM 1337","茨城県","Tue Apr 05 16:09:57 JST 2016","36.3737","140.9393"
"@まさとちゃん","I'm at 外苑前駅 (Gaiemmae Sta.) (G03) - @g_line_info in Minato, Tokyo https://t.co/RgaOkPZDzy","","Tue Apr 05 16:10:04 JST 2016","35.67054556","139.71785545"
"@ぺっぱー","I'm at 地下鉄 七隈駅 (Subway Nanakuma Sta.) (N07) in Fukuoka, 福岡県 https://t.co/a91p0rjsIl","福岡県","Tue Apr 05 16:10:10 JST 2016","33.55321564","130.36166668"
"@E=mc²","I'm at 南草津駅 東口バスターミナル in 草津市, 滋賀県 https://t.co/ConfYfJHMw","滋賀県","Tue Apr 05 16:10:12 JST 2016","35.00383827","135.94768345"
"@７７か","栃木県 那須 @ ホテル エピナール 那須 - Hotel Epinard Nasu https://t.co/NZj6vRthLy","","Tue Apr 05 16:10:14 JST 2016","37.05005544","140.02368164"
"@E=mc²","I'm at 南草津駅 (Minami-Kusatsu Sta.) in 草津市, 滋賀県 https://t.co/m9cusF05et","滋賀県","Tue Apr 05 16:10:22 JST 2016","35.003746","135.94727576"
"@なぎ","I'm at サンクス 秋葉原ラジオ会館店 - @circleksunkus in 千代田区, 東京都 https://t.co/k1R9JxxSEC","東京都","Tue Apr 05 16:10:28 JST 2016","35.69816267","139.77195964"
"@俺が見た西の空に瞬く星","I'm at 銀座駅 5-6番線ホーム - @h_line_info in 中央区, 東京都 https://t.co/tBjiYqiXbF","東京都","Tue Apr 05 16:10:33 JST 2016","35.67130115","139.76512062"
"@じょ@4/8ラパラカメラ㌠？","I'm at ローソン 朽木市場店 - @akiko_lawson in 高島市, 滋賀県 https://t.co/IcDcoV0WJr","滋賀県","Tue Apr 05 16:10:33 JST 2016","35.35129754","135.9148264"
"@ツチカワヒロシ","I'm at 黄金の織田信長像 in 岐阜市, 岐阜県 https://t.co/dS0nl8Wr8w","岐阜県","Tue Apr 05 16:10:34 JST 2016","35.41015429","136.75707568"
"@エマ@風呂屋","I'm at かんみこより NU茶屋町プラス店 in Osaka, Ōsaka https://t.co/toMO39mXye","","Tue Apr 05 16:10:36 JST 2016","34.70749491","135.49981871"
"@カ、、、、、","I'm at Supreme NAGOYA in 名古屋市中区, 愛知県 https://t.co/87lgS93OmX","愛知県","Tue Apr 05 16:10:36 JST 2016","35.16601537","136.90481057"
"@とびお@おおもり維新の会","I'm at 榴岡公園 (Tsutsujigaoka Park) in 仙台市, 宮城県 https://t.co/1b8uhWYtlL","宮城県","Tue Apr 05 16:10:39 JST 2016","38.26031423","140.8967936"
"@あきらかにりひと","I'm at 笹島 交差点 in 名古屋市, 愛知県 https://t.co/gpXpH7iRmt","愛知県","Tue Apr 05 16:10:40 JST 2016","35.16768674","136.88524961"
"@あっちゃん☆子役大好き☆Part1","I'm at 梅田ダイビル in 大阪市北区, 大阪府 https://t.co/UIu09nychC https://t.co/jxMuSEomqj","大阪府","Tue Apr 05 16:10:46 JST 2016","34.69902805","135.49226582"
"@蒼黑ぽくりん","I'm at ポケモンセンター メガトウキョー (Pokémon Center MEGA TOKYO) in 豊島区, 東京都 https://t.co/cPTcEdJNGO","東京都","Tue Apr 05 16:10:47 JST 2016","35.72921282","139.7194041"
"@N A N A","I'm at umie - @aeon_japan in 神戸市, 兵庫県, 兵庫県 https://t.co/erVAgY0ExB","兵庫県","Tue Apr 05 16:10:50 JST 2016","34.67951881","135.18237438"
"@LIVE GALAXY両日","I'm at 渋谷駅 (Shibuya Sta.) in 渋谷区, 東京都 https://t.co/U3hdFTZW0U","東京都","Tue Apr 05 16:10:54 JST 2016","35.65852173","139.70132603"
"@4/5〜7 大阪","I'm at 名古屋駅 (Nagoya Sta.) in 名古屋市, 愛知県, 愛知県 https://t.co/QpkqV45TgH","愛知県","Tue Apr 05 16:10:57 JST 2016","35.17066865","136.88164473"
"@マトパと〜じょ〜","I'm at JR 大宮駅 21-22番線ホーム - @jreast_official in さいたま市, 埼玉県 https://t.co/vIYSydytgK","埼玉県","Tue Apr 05 16:11:00 JST 2016","35.9065017","139.62410688"
"@ザック⚡️ᕕ( ᐛ )ᕗ@ピチ充したい","I'm at エディオン 津島店 in 津島市, 愛知県 https://t.co/oBSO8b1FUf","愛知県","Tue Apr 05 16:11:00 JST 2016","35.17980667","136.72895193"
"@猫姫","I'm at 宇島駅 (Unoshima Sta.) in 豊前市, 福岡県 https://t.co/0TJWcn2cqE","福岡県","Tue Apr 05 16:11:00 JST 2016","33.62114868","131.12656966"
"@ねむかたひろし","I'm at ファミリーマート 静岡平和１丁目店 in 静岡市葵区, 静岡県 https://t.co/rdwLehsfUw","静岡県","Tue Apr 05 16:11:01 JST 2016","34.98676993","138.36615622"
"@ふかした芋Ｘ","I'm at 足立区役所 in 足立区, 東京都 https://t.co/h5iHl8ULCJ","東京都","Tue Apr 05 16:11:02 JST 2016","35.77496369","139.8044157"
"@katz","I'm at 箱根山山頂 in 新宿区, 東京都 https://t.co/UaL3dPnUqS","東京都","Tue Apr 05 16:11:10 JST 2016","35.703707","139.713452"
"@学戦都市こてゆび","I'm at マクドナルド 池袋北口店 - @mcdonaldsjapan in 豊島区, 東京都 https://t.co/zY85ZxQIUs","東京都","Tue Apr 05 16:11:24 JST 2016","35.73121639","139.71305512"
"@Ami","I'm at TULLY'S COFFEE グランフロント大阪北館9F店 in Osaka, 大阪府 w/ @twinklestar_y https://t.co/EXxcFDgq8d","大阪府","Tue Apr 05 16:11:30 JST 2016","34.70532249","135.49487562"
"@ぷらずま","I'm at 伊丹車輌 リサイクルショップARUYO in 北広島市, 北海道 https://t.co/rgsm3acA0Y","北海道","Tue Apr 05 16:11:30 JST 2016","42.93682046","141.51327789"
"@まーみょん@ストサバに感謝","I'm at 権現堂桜堤 in 幸手市, 埼玉県 https://t.co/1vtgrofgbm","埼玉県","Tue Apr 05 16:11:43 JST 2016","36.09182692","139.72261159"
"@しもむらの世を偽る仮の垢","I'm at あうるすぽっと【豊島区立舞台芸術交流センター】 - @owlspot in 豊島区, 東京都 https://t.co/PZFiY019m0","東京都","Tue Apr 05 16:11:47 JST 2016","35.72690027","139.71894979"
"@ハマセンのカピ@小田栄なう！","I'm at 京王永山駅 (Keiō-nagayama Sta.) (KO40) - @keiodentetsu in 多摩市, Tōkyō https://t.co/OT6GFsVYnY","","Tue Apr 05 16:11:49 JST 2016","35.63033322","139.44826126"
"@ひろ","I'm at MMA 部室 in 調布市, 東京都 https://t.co/aHzdzDGp0R","東京都","Tue Apr 05 16:11:49 JST 2016","35.65912688","139.54356015"
"@しゃるろって","I'm at 壇之浦PA (下り/門司方面) in 下関市, 山口県 https://t.co/P9D6QFxW1I","山口県","Tue Apr 05 16:11:51 JST 2016","33.96366854","130.95416665"
"@ʚぴゅあたん('ω')ɞ@寝ません","いつものお寿司ーﾌﾝヽ( 'ω' ヽ三 ﾉ'ω' )ﾉﾌﾝ (@ はま寿司 伊勢崎八寸町店 in 伊勢崎市, 群馬県 w/ @nell_akita1945) https://t.co/ppGeDbK08t","群馬県","Tue Apr 05 16:11:52 JST 2016","36.336782","139.23289218"
"@とくちゃん。","I'm at ベルサール秋葉原 in 千代田区, 東京都 https://t.co/GChmTZfQTT","東京都","Tue Apr 05 16:11:52 JST 2016","35.69997164","139.77081031"
"@おりびあ","I'm at namco 博多バスターミナル店 - @namco_hakata in Fukuoka, 福岡県 https://t.co/5JRjB0buOX","福岡県","Tue Apr 05 16:11:56 JST 2016","33.59146063","130.41976199"
"@OKANO KENTA@ピンクな関係","I'm at 西武プリンスドーム (Seibu Prince Dome) in 所沢市, 埼玉県 https://t.co/cS7N79vg2g","埼玉県","Tue Apr 05 16:34:58 JST 2016","35.7685395","139.42060232"
"@つなマヨ@エウトンロドリゲスブランドン","I'm at 八王子駅 (Hachiōji Sta.) - @jreast_official in 八王子市, 東京都 https://t.co/gO3lM2mjBt","東京都","Tue Apr 05 16:34:58 JST 2016","35.65562249","139.33904171"
"@浦島太郎なしげっち(Side B)さん","I'm at 荒田八幡宮 in 鹿児島市, 鹿児島県 https://t.co/qXybomH8Yc","鹿児島県","Tue Apr 05 16:35:00 JST 2016","31.57395638","130.5534616"
"@Tiny Mouse","I'm at すずかけ台駅 (Suzukakedai Sta.)(DT24) - @tokyu_official in 町田市, 東京都 https://t.co/NPaBvSTJ0y","東京都","Tue Apr 05 16:35:03 JST 2016","35.51695861","139.48146164"
"@テツジ","I'm at 東京辰巳国際水泳場 in 江東区, 東京都 https://t.co/KfvfK8tVpS","東京都","Tue Apr 05 16:35:07 JST 2016","35.64762809","139.81903911"
"@つなマヨ@エウトンロドリゲスブランドン","I'm at 八王子駅コンコース in 八王子, 東京都 https://t.co/8da6pWl0du","東京都","Tue Apr 05 16:35:07 JST 2016","35.65654364","139.3334127"
"@たいしょー","I'm at 東京大学 I-REF棟 in Bunkyō, Tōkyō https://t.co/r4soSvQXTK","","Tue Apr 05 16:35:11 JST 2016","35.71590987","139.76078799"
"@ぜっちん","I'm at Ａコープおおにし アシスタ in 今治市, 愛媛県 https://t.co/cxzeQ8uh0T","愛媛県","Tue Apr 05 16:35:11 JST 2016","34.06612","132.93421598"
"@たろう","I'm at 京阪 淀屋橋駅 (Yodoyabashi Sta.)(KH01) - @keihandensha in 大阪市, 大阪府 https://t.co/Pss8JG0TGk","大阪府","Tue Apr 05 16:35:11 JST 2016","34.69258204","135.50101116"
"@りりョセン","I'm at MEGA ドン・キホーテ綾瀬店 in 綾瀬市, 神奈川県 https://t.co/wsJLlOl5Ru","神奈川県","Tue Apr 05 16:35:14 JST 2016","35.45774886","139.42658853"
"@つなマヨ@エウトンロドリゲスブランドン","I'm at JR 中央線 八王子駅 - @jreast_official in 八王子市, 東京都 https://t.co/S9aroo6ns4","東京都","Tue Apr 05 16:35:17 JST 2016","35.65532719","139.34003803"
"@Hana Ginger","I'm at 筑前橋北詰 交差点 in 大阪市北区, 大阪府 https://t.co/urZUWj0S7u https://t.co/uDxxDaFKYz","大阪府","Tue Apr 05 16:35:19 JST 2016","34.69138893","135.4926306"
"@みきお春臣Ｐ","I'm at 高尾山口駅 (Takaosanguchi Sta.) (KO53) in 八王子市, 東京都 https://t.co/zVn4ZLnQhy","東京都","Tue Apr 05 16:35:19 JST 2016","35.63222986","139.26991582"
"@銀太@神楽組研修生(杏)","I'm at ローソン 豊田本田町店 - @akiko_lawson in 豊田市, 愛知県 https://t.co/WzeFDKK9LN","愛知県","Tue Apr 05 16:35:20 JST 2016","35.05415464","137.0739645"
"@つなマヨ@エウトンロドリゲスブランドン","I'm at 八王子駅 1-2番線ホーム - @jreast_official in 八王子市, 東京都 https://t.co/LvHKM2nurq","東京都","Tue Apr 05 16:35:23 JST 2016","35.65537195","139.33995378"
"@Shunta@東李苑しかぁ...","I'm at マクドナルド 伏見桃山店 in 京都市, 京都府 https://t.co/sMnBXTlIrD","京都府","Tue Apr 05 16:35:25 JST 2016","34.93313577","135.7636933"
"@はちまる","I'm at 東京駅 (Tokyo Sta.) in 千代田区, 東京都 https://t.co/9kWHVigrhY","東京都","Tue Apr 05 16:35:25 JST 2016","35.68128286","139.76701498"
"@おやじ","I'm at 練馬IC in 練馬区, 東京都 https://t.co/tHLu26deh6","東京都","Tue Apr 05 16:35:26 JST 2016","35.754504","139.607539"
"@61601","I'm at JR 東京駅 1-2番線ホーム in Chiyoda, 東京都 https://t.co/qDYCTwtApa","東京都","Tue Apr 05 16:35:28 JST 2016","35.68137001","139.76645708"
"@みってい☆三つ編み大好きおじさん","I'm at セブンイレブン安芸音戸渡子店 in 呉市, 広島県 https://t.co/mzPKwwIS7n","広島県","Tue Apr 05 16:35:30 JST 2016","34.193263","132.519769"
"@つなマヨ@エウトンロドリゲスブランドン","I'm at 八王子駅改札口 in 八王子市 https://t.co/23J5p00DJY","","Tue Apr 05 16:35:32 JST 2016","35.65541327","139.33934212"
"@とっしー@μ'sic Forever!","I'm at JR 水道橋駅 東口 in 千代田区, 東京都 https://t.co/juK3PeFjSZ","東京都","Tue Apr 05 16:35:34 JST 2016","35.70206441","139.75455913"
"@最新ㄟ゜ﾘ大㌨(ง ˘ω˘ )ว","I'm at 上社JCT.北西 交差点 in 名古屋市名東区, 愛知県 https://t.co/fWjkryopri","愛知県","Tue Apr 05 16:35:35 JST 2016","35.17128011","137.00462468"
"@かわもと","I'm at Ciaopanic 御殿場プレミアムアウトレット https://t.co/fEMaLHBPMy","","Tue Apr 05 16:35:36 JST 2016","35.30767471","138.96728754"
"@おうばく","I'm at 烏丸御池駅 (Karasuma Oike Sta.)(K08/T13) in 京都市, 京都府 https://t.co/uLVcoFKD6Y","京都府","Tue Apr 05 16:35:38 JST 2016","35.01062103","135.75970418"
"@東海のぞみ@確定去臺灣六月","I'm at 神奈川中央交通 平塚田村車庫 in 平塚市, 神奈川県 https://t.co/bDftf4WkCv https://t.co/z5Vl0lIuCd","神奈川県","Tue Apr 05 16:35:42 JST 2016","35.37611714","139.35870498"
"@ひがし","I'm at ニコファーレ (nicofarre) in 港区, 東京都 https://t.co/4WPDZNHON4","東京都","Tue Apr 05 16:35:44 JST 2016","35.66381658","139.73087221"
"@Ichigo Kugayama","I'm at 荻窪駅 (Ogikubo Sta.) in 杉並区, 東京都 https://t.co/YIfrjXUdo6","東京都","Tue Apr 05 16:35:48 JST 2016","35.70462192","139.61998701"
"@ぶちょぅ","I'm at 阪急 梅田駅 (Hankyū Umeda Sta.) (HK01) in 大阪市, 大阪府 https://t.co/ywKskL34gc","大阪府","Tue Apr 05 16:35:51 JST 2016","34.70520676","135.49838662"
"@みゅーも@4/3vs熊本(A)","I'm at 富士山静岡空港 / 静岡空港 (Mt. Fuji Shizuoka Airport - FSZ/RJNS) in 牧之原市, 静岡県 https://t.co/9c2HwFn0yt https://t.co/KZvSLFpNiF","静岡県","Tue Apr 05 16:35:51 JST 2016","34.79530604","138.17931642"
"@リゼルリィ㌠＠アリスの兄貴になりたい","I'm at 常磐線 江戸川橋梁 in 葛飾区 / 松戸市, 東京都 / 千葉県 https://t.co/3kEN9iLul4","東京都","Tue Apr 05 16:35:53 JST 2016","35.76909664","139.8796463"
"@社会は君を求めていない","I'm at ラウンドワン 町田店 - @r1_machida in 町田市, 東京都 https://t.co/Be5reP2CSW","東京都","Tue Apr 05 16:35:53 JST 2016","35.54393802","139.44318116"
"@おかず","I'm at サンシャインサカエ (SUNSHINE SAKAE) - @sunshinesakae in 名古屋市, 愛知県 https://t.co/JhHaMQn38I","愛知県","Tue Apr 05 16:35:53 JST 2016","35.16954606","136.90628886"
"@Tak Minh™⊿ふらり","新歓終了！ (@ 青山学院大学 青山キャンパス in 渋谷区, 東京都 w/ @p1e2r) https://t.co/GfGasjZJrX","東京都","Tue Apr 05 16:35:54 JST 2016","35.66099233","139.70957279"
"@穂積みどり @SGT青山PV","I'm at 目白駅 (Mejiro Sta.) - @jreast_official in 豊島区, 東京都 https://t.co/aNENOWWjAu","東京都","Tue Apr 05 16:35:55 JST 2016","35.7208903","139.70641851"
"@しろまる","I'm at 東京駅 (Tokyo Sta.) in 千代田区, 東京都 https://t.co/qzbODY1o8z","東京都","Tue Apr 05 16:35:59 JST 2016","35.68128286","139.76701498"
"@球審㌠","I'm at 横浜ベイブリッジ (Yokohama Bay Bridge) in 横浜市, 神奈川県 https://t.co/Qy2kMlNWTN","神奈川県","Tue Apr 05 16:36:01 JST 2016","35.45455257","139.67395306"
"@Ichigo Kugayama","I'm at 阿佐ケ谷駅 (Asagaya Sta.) in 杉並区, 東京都 https://t.co/3a38dw7rLU","東京都","Tue Apr 05 16:36:02 JST 2016","35.70489635","139.63557065"
"@サムでぎばちゃんで泥","I'm at 東京サンケイビル in 千代田区, 東京都 https://t.co/Xn5aiDyFsL","東京都","Tue Apr 05 16:36:05 JST 2016","35.68694289","139.76544321"
"@スザク","I'm at 池袋駅 (Ikebukuro Sta.) in 豊島区, 東京都 w/ @wuc_smrg https://t.co/LhyhpxU0TM","東京都","Tue Apr 05 16:36:06 JST 2016","35.73046545","139.71132052"
"@全地震速報","【小地震速報 東京都8/228】
2016/04/05 16:00:33 JST, 
日本 東京都 神津島村役場の南西100km, 
M3.9, TNT10.7トン, 深さ312.9km, 
MAP https://t.co/Ua9KGlpG9w 1317","東京都","Tue Apr 05 16:36:13 JST 2016","33.5893","138.3412"
"@わたっこ (･∀･｡)","I'm at サンシャインサカエ (SUNSHINE SAKAE) - @sunshinesakae in 名古屋市, 愛知県 https://t.co/6tPCQjUhev","愛知県","Tue Apr 05 16:36:14 JST 2016","35.16954606","136.90628886"
"@たくやんぬ@やってやるよ","I'm at 桜通線 名古屋駅 (Nagoya Sta.) (S02) in Nagoya-shi, 愛知県 https://t.co/u812OTTy5s","愛知県","Tue Apr 05 16:36:19 JST 2016","35.171037","136.88357287"
"@カフェ","I'm at 学芸大学駅 (Gakugei-daigaku Sta.) (TY05) - @tokyu_official in 目黒区, 東京都 https://t.co/IJkuyVNR35","東京都","Tue Apr 05 16:36:19 JST 2016","35.62885511","139.68527198"
"@いっぺい","I'm at 千葉市 中央区役所 in 千葉市, 千葉県 https://t.co/hA8OgIS4RO","千葉県","Tue Apr 05 16:36:22 JST 2016","35.60898739","140.12464464"
"@こはくぴ ぴぴぴ","I'm at 喫茶室ルノアール 渋谷南口店 in 渋谷区, 東京都 https://t.co/EJMNySF1c1","東京都","Tue Apr 05 16:36:25 JST 2016","35.65602623","139.70153555"
"@しのゆう＠古典は力なり","I'm at 大手町駅 (Ōtemachi Sta.) in 千代田区, 東京都 https://t.co/IGkyUcSecc","東京都","Tue Apr 05 16:36:25 JST 2016","35.68691239","139.76361394"
"@紫龍™  KDDI厨","I'm at 武蔵白石駅 (Musashi-Shiraishi Sta.) - @jreast_official in 川崎市川崎区, 神奈川県 https://t.co/dzky8oIvI9","神奈川県","Tue Apr 05 16:36:26 JST 2016","35.50170883","139.70582575"
"@こどん","I'm at 福知山駅 (Fukuchiyama Sta.) in 福知山市, 京都府 https://t.co/TD69n3ytST","京都府","Tue Apr 05 16:36:31 JST 2016","35.29630068","135.11861801"
"@けんけん♪","I'm at 金山バスターミナル in Nagoya-shi, 愛知県 https://t.co/iaj8kvTvMD","愛知県","Tue Apr 05 16:36:32 JST 2016","35.14386257","136.90170228"
"@スカイトレイン","I'm at マツモトキヨシ ららぽーとTOKYO-BAY店 in 船橋市, 千葉県 https://t.co/RziLCyyvsv","千葉県","Tue Apr 05 16:36:32 JST 2016","35.68719484","139.98888833"
"@A-改@ツイ率低下中","I'm at 政家 新潟駅南店 in 新潟市, 新潟県 https://t.co/ZC0JRFm1ow","新潟県","Tue Apr 05 16:36:37 JST 2016","37.90856862","139.06361639"
"@ジュニ㌠にゃっつ隊長","I'm at スーパー キタムラ - @super_kitamura in 大田区, 東京都 https://t.co/E87KNAjXCS","東京都","Tue Apr 05 16:36:37 JST 2016","35.58409782","139.71255541"
"@サンダーバード","I'm at イオンモール堺鉄砲町 in 堺市, 大阪府 https://t.co/M0MYsIm7Ut","大阪府","Tue Apr 05 16:36:40 JST 2016","34.59331265","135.48108925"
"@KTでんき™","I'm at 軍行橋 in 伊丹市, 兵庫県 https://t.co/3MoUeTKIdC","兵庫県","Tue Apr 05 16:36:49 JST 2016","34.7993473","135.42387486"
"@スーフル","I'm at 東梅田駅 (Higashi-Umeda Sta.) (T20) in 大阪市, 大阪府 https://t.co/KOG4VfenH9","大阪府","Tue Apr 05 16:36:52 JST 2016","34.70094213","135.49953461"
"@第七★12.27","I'm at 塩釜口駅 (Shiogama-guchi Sta.) (T16) in Tenpaku, Aichi https://t.co/ilCexnP0K8","","Tue Apr 05 16:36:56 JST 2016","35.13246995","136.9775337"
"@奈々和","I'm at 西武プリンスドーム (Seibu Prince Dome) in 所沢市, 埼玉県 https://t.co/wDSMAl5loA","埼玉県","Tue Apr 05 16:36:57 JST 2016","35.7685395","139.42060232"
"@ヴヴ","I'm at 岡山駅西口バスセンター in 岡山市, 岡山県 https://t.co/CuZEued55I","岡山県","Tue Apr 05 16:37:00 JST 2016","34.666947","133.91724508"
"@凧上げ@ニコ☆ブラ","I'm at 新宿駅 (Shinjuku Sta.) in 新宿区, 東京都 https://t.co/o72YhuOAK6","東京都","Tue Apr 05 16:37:06 JST 2016","35.69080269","139.70027923"
"@F急行ゆりまる@柴田阿弥生誕祭はDMM?","I'm at 所沢駅 (Tokorozawa Sta.) (SS22/SI17) - @seiburailway in 所沢市, 埼玉県, 埼玉県 https://t.co/LmJeWxOOeJ","埼玉県","Tue Apr 05 16:37:07 JST 2016","35.78713602","139.47336137"
"@ｼｬｯﾁﾊﾞﾝ@GAN S納車待ち","I'm at 東京メトロ 東西線 大手町駅 (T09) - @t_line_info in 千代田区, 東京都 https://t.co/gYh5HrpuJo","東京都","Tue Apr 05 16:37:13 JST 2016","35.68498655","139.76442933"
"@F急行ゆりまる@柴田阿弥生誕祭はDMM?","I'm at 所沢駅 4-5番線ホーム - @seiburailway in 所沢市, 埼玉県 https://t.co/3Jl8rntJPK","埼玉県","Tue Apr 05 16:37:18 JST 2016","35.78698656","139.47342867"
"@showhey","I'm at 雨宝院 in 京都市, 京都府 https://t.co/xKW64E9Geq https://t.co/6yryYFUNFR","京都府","Tue Apr 05 16:37:20 JST 2016","35.03247819","135.74646413"
"@Issei","I'm at 徳島駅 (Tokushima Sta.)(T00,M00) in 徳島市, 徳島県 https://t.co/M0KjUlXtbK","徳島県","Tue Apr 05 16:37:22 JST 2016","34.0746404","134.55076419"
"@ひゆきちゃん","I'm at 本厚木駅 (Hon-Atsugi Sta.)(OH34) - @odakyuline_info in 厚木市, 神奈川県 https://t.co/XAIQFVCAv0","神奈川県","Tue Apr 05 16:37:23 JST 2016","35.43934309","139.36423302"
"@HONEY KOCHI（なにわーたん）","I'm at 垂水駅 (Tarumi Sta.) in 神戸市垂水区, 兵庫県 https://t.co/CyZdobQ9OL","兵庫県","Tue Apr 05 16:37:23 JST 2016","34.62967034","135.05341356"
"@とりーちかこ","I'm at 博多駅 (Hakata Sta.) in Fukuoka, Fukuoka Prefecture https://t.co/vIuwTFHo4n","","Tue Apr 05 16:37:24 JST 2016","33.59015614","130.42064766"
"@あさかの","I'm at 都電荒川線 早稲田停留場 (Waseda Sta.) - @toeikotsu in Shinjuku, 東京都 https://t.co/yV8kdiX4El","at 都","Tue Apr 05 16:37:24 JST 2016","35.71184183","139.71892297"
"@まんち","I'm at 中華街 吉祥寺本店 in 武蔵野市, 東京都 https://t.co/AoaUqIbgbG","東京都","Tue Apr 05 16:37:25 JST 2016","35.70349804","139.58213836"
"@おなか卒業生","I'm at LOFT 新潟ロフト in Niigata, 新潟県 https://t.co/tphcFXkV1q","新潟県","Tue Apr 05 16:37:31 JST 2016","37.91729548","139.05625641"
"@NSK@FLL 2Days","I'm at コミックとらのあな 京都店 - @tora_kyoto in 京都市, 京都府 https://t.co/pj2NRy7Emb","京都府","Tue Apr 05 16:37:33 JST 2016","35.00821465","135.76688111"
"@穂積みどり @SGT青山PV","I'm at 池袋駅 (Ikebukuro Sta.) in 豊島区, 東京都 https://t.co/CknZKhpyhQ","東京都","Tue Apr 05 16:37:36 JST 2016","35.73046545","139.71132052"
"@ぱ〜ぴん","I'm at 南郡山スポーツセンター https://t.co/dc2QHgchXp","","Tue Apr 05 16:37:38 JST 2016","37.35859037","140.33458931"
"@細川 14連戦3/25〜4/10","I'm at 福岡ヤフオク!ドーム ビジター応援席 in 福岡市, 福岡県 https://t.co/Oq9RgohjoT","福岡県","Tue Apr 05 16:37:38 JST 2016","33.59451294","130.36172485"
"@日本國有鐵道株式會社","I'm at ファミリーマート 七尾大津町店 in 七尾市, 石川県 https://t.co/9xo0AsggRo","石川県","Tue Apr 05 16:37:43 JST 2016","37.07009136","136.85863101"
"@NAKI","I'm at 海浜幕張駅 (Kaihimmakuhari Sta.) in 千葉市, 千葉県 w/ @beer_usagi https://t.co/we4IkdDRxA","千葉県","Tue Apr 05 16:37:47 JST 2016","35.648369","140.041817"
"@ユイにゃん@たかしー","I'm at 柏崎IC in 柏崎市, 新潟県 https://t.co/n4nIq8wc7v","新潟県","Tue Apr 05 16:37:51 JST 2016","37.36149372","138.59059811"
"@レジェ","I'm at 永福町駅 (Eifukuchō Sta.) (IN09) - @keiodentetsu in 杉並区, 東京都 https://t.co/EpVf068caU","東京都","Tue Apr 05 16:37:55 JST 2016","35.67612792","139.64320958"
"@Ichigo Kugayama","I'm at 高円寺駅 (Kōenji Sta.) - @jreast_official in 杉並区, 東京都 https://t.co/PyBEaf4umI","東京都","Tue Apr 05 16:37:56 JST 2016","35.70537552","139.64986145"
"@ちゅんΣ(:3[布団]","I'm at 埼玉りそな銀行 ウニクス秩父出張所 in 秩父市, 埼玉県 https://t.co/FXOfGlM5QW","埼玉県","Tue Apr 05 16:37:58 JST 2016","35.9963062","139.08884525"
"@細川 14連戦3/25〜4/10","I'm at 福岡ヤフオク!ドーム レフトスタンド in 福岡市, 福岡県 https://t.co/QFze5ERiIU","福岡県","Tue Apr 05 16:37:58 JST 2016","33.59507331","130.36125406"
"@まさくんฅ•ω•ฅ(4/5～6愛知)","I'm at 味仙 JR名古屋駅店 in Nagoya-shi, Aichi w/ @t_ya21 @akas1k https://t.co/gdAtZHqSJ3","","Tue Apr 05 16:37:59 JST 2016","35.16881806","136.88173086"
"@David @ Ogijima","I'm at 直島パヴィリオン (Naoshima Pavilion) https://t.co/4vPNVW8JtH https://t.co/UWSJvsALPS","","Tue Apr 05 16:37:59 JST 2016","34.45707953","133.97492263"
"@びゅう","I'm at 新宿駅 (Shinjuku Sta.) in 新宿区, 東京都 https://t.co/4eiaLPcwtL","東京都","Tue Apr 05 16:37:58 JST 2016","35.69080269","139.70027923"
"@じぇい","I'm at 平井駅 (Hirai Sta.) - @jreast_official in 江戸川区, 東京都 https://t.co/wlRiDad7oX","東京都","Tue Apr 05 16:38:00 JST 2016","35.70642532","139.84250844"
"@猫姫","I'm at JR 小倉駅 (Kokura Sta.) in 北九州市, 福岡県 https://t.co/peQJKEAqBw","福岡県","Tue Apr 05 16:38:00 JST 2016","33.88679607","130.88268042"
"@ｼｬｯﾁﾊﾞﾝ@GAN S納車待ち","I'm at 大手町駅 (Ōtemachi Sta.) in 千代田区, 東京都 https://t.co/UKa4biiPia","東京都","Tue Apr 05 16:38:07 JST 2016","35.68691239","139.76361394"
"@リゼルリィ㌠＠アリスの兄貴になりたい","I'm at 金町駅 (Kanamachi Sta.) in 葛飾区, 東京都 https://t.co/M9nq4qC72f","東京都","Tue Apr 05 16:38:07 JST 2016","35.7695493","139.87045169"
"@沼ちゃん＠レッズサポ@助手席レーシング","I'm at tyan_numaの自宅 in さいたま市, 埼玉県 https://t.co/QhL1JZFAmd","埼玉県","Tue Apr 05 16:38:08 JST 2016","35.87113767","139.64520921"
"@ヴヴ","I'm at 岡山駅 (Okayama Sta.) in 岡山市, 岡山県 https://t.co/0zFCA5OhrG","岡山県","Tue Apr 05 16:38:09 JST 2016","34.66598774","133.91765893"
"@佐々木たそは金欠","I'm at ザ・サードプラネット 焼津店(THE 3RD PLANET) in Yaizu, Shizuoka https://t.co/65BxpbVjlQ","","Tue Apr 05 16:38:10 JST 2016","34.87826694","138.30786251"
"@きたきつね","I'm at 千葉駅 (Chiba Sta.) in 千葉市, 千葉県 https://t.co/A1HoywS4E4","千葉県","Tue Apr 05 16:38:13 JST 2016","35.61286887","140.11433959"
"@にや","I'm at イオンモール伊丹昆陽 - @aeon_japan in 伊丹市, 兵庫県 https://t.co/Ar0iI4wMGK","兵庫県","Tue Apr 05 16:38:17 JST 2016","34.7845473","135.38142622"
"@古瀬","I'm at 品川駅 (Shinagawa Sta.) in 港区, 東京都 https://t.co/SmizyIozCg","東京都","Tue Apr 05 16:38:25 JST 2016","35.62852373","139.73875523"
"@ま＠札幌™","I'm at 相馬神社 in 札幌市, 北海道 https://t.co/KUWgE9jtgG","北海道","Tue Apr 05 16:38:26 JST 2016","43.02045474","141.36475325"
"@ＡＣＴ(半角ではない)","I'm at ローソンストア100 八千代台店 in 八千代市, 千葉県 w/ @sky_runner_xg https://t.co/eqMUCnNYrV","千葉県","Tue Apr 05 16:38:28 JST 2016","35.70222875","140.08915834"
"@オゾン","I'm at イオンモール ナゴヤドーム前 in 名古屋市, 愛知県 https://t.co/GXKOxnduUF","愛知県","Tue Apr 05 16:38:29 JST 2016","35.1870497","136.94498777"
"@ノラNora@地獄のフブキ","I'm at アニメイト 池袋本店 - @animatehonten in 豊島区, 東京都 https://t.co/i0TnQpCPoB","東京都","Tue Apr 05 16:38:31 JST 2016","35.73129858","139.71555948"
"@アラマニ☆9マリン","I'm at 地下鉄 名古屋駅 (Subway Nagoya Sta.) (H08/S02) in 名古屋市, 愛知県 https://t.co/JNLTZ5x3e1","愛知県","Tue Apr 05 16:38:32 JST 2016","35.17119267","136.88415796"
"@なにゃこでPeace!(ﾅﾉｯﾁ)","I'm at 水戸駅 (Mito Sta.) - @jreast_official in 水戸市, 茨城県 https://t.co/ZsnWsrJTHJ","茨城県","Tue Apr 05 16:38:34 JST 2016","36.37082223","140.47617763"
"@オゾン","I'm at ナゴヤドーム (Nagoya Dome) in 名古屋, 愛知県 https://t.co/3GfcWd7HKC","愛知県","Tue Apr 05 16:38:39 JST 2016","35.18597994","136.94732666"
"@だいき。@やっぱり朱莉が…","I'm at 大手町駅 (Ōtemachi Sta.) in 千代田区, 東京都 https://t.co/iZjUFbPhFK","東京都","Tue Apr 05 16:38:45 JST 2016","35.68691239","139.76361394"
"@NOBU","I'm at かつさと 蒲郡大塚店 in 蒲郡市, 愛知県 https://t.co/MBhqOtJSqL","愛知県","Tue Apr 05 16:38:47 JST 2016","34.81137832","137.27024327"
"@ドスケベケツマンコメイド","I'm at 西荻窪駅 (Nishi-Ogikubo Sta.) - @jreast_official in 杉並区, 東京都 https://t.co/QytlERREyB","東京都","Tue Apr 05 16:38:55 JST 2016","35.70384108","139.59936015"
"@ノラNora@地獄のフブキ","I'm at K-BOOKS 池袋アニメ館 - @kbooks_anime in 豊島区, 東京都 https://t.co/B0413OKPeL","東京都","Tue Apr 05 16:38:55 JST 2016","35.73033402","139.7177428"
"@そこのもちょさん(ぶんたん)","I'm at アニメイト 町田店 - @animatemachida in 町田市, 東京都 https://t.co/LEIqYiHRy7","東京都","Tue Apr 05 16:38:56 JST 2016","35.54241685","139.4486475"
"@hagigen","I'm at エコール・リラ in 神戸市北区, 兵庫県 https://t.co/bxibZiWaxy","兵庫県","Tue Apr 05 16:38:58 JST 2016","34.82145314","135.22084773"
"@猫姫","I'm at 小倉駅 (Kokura Sta.) in 北九州市, 福岡県 https://t.co/nJBmXrNAWM","福岡県","Tue Apr 05 16:38:58 JST 2016","33.88673373","130.88266969"
"@オナマス","I'm at 百年記念館喫煙所 https://t.co/MkkVnOswUp","","Tue Apr 05 16:39:04 JST 2016","35.60678864","139.68457031"
"@ろん","I'm at セブンイレブン 前橋青柳町南店 - @711sej in 前橋市, 群馬県 https://t.co/IMzw2NXt8O","群馬県","Tue Apr 05 16:39:07 JST 2016","36.41880089","139.06803112"
"@トーマス→4/2横浜戦","I'm at 大阪駅 (Osaka Sta.) in 大阪市, 大阪府 https://t.co/eoRZmEzDQt","大阪府","Tue Apr 05 16:39:08 JST 2016","34.70217479","135.49558908"
"@きょーすい","I'm at サンシャインサカエ (SUNSHINE SAKAE) - @sunshinesakae in 名古屋市, 愛知県 w/ @yznrcha_ https://t.co/jOSqQmTMXA","愛知県","Tue Apr 05 16:39:11 JST 2016","35.16954606","136.90628886"
"@きぃ","I'm at イオンスタイル 京都桂川店 in Kyoto, Kyōto https://t.co/IX1opxorVL","","Tue Apr 05 16:39:12 JST 2016","34.96393978","135.71006138"
"@全地震速報","【微小地震速報 茨城県54/229】
2016/04/05 16:01:59 JST, 
日本 茨城県 鹿嶋市役所の東北東43km, 
M2.6, TNT119.8kg, 深さ34.1km, 
MAP https://t.co/JlLgjGx6Ir 1317","茨城県","Tue Apr 05 16:39:13 JST 2016","36.0419","141.1083"
"@マークⅡ納車即廃車＆ヴィッツ納車","I'm at イオンモール小山 in 小山市, 栃木県 https://t.co/YEMijisWnW","栃木県","Tue Apr 05 16:39:15 JST 2016","36.32206677","139.84095812"
"@けんけん♪","I'm at LOOP金山 in 名古屋市, 愛知県 https://t.co/ZNc6TKVKpG","愛知県","Tue Apr 05 16:39:15 JST 2016","35.143276","136.90152"
"@ジェイ∠","I'm at 新宿駅 (Shinjuku Sta.) in 新宿区, 東京都 https://t.co/uZhphsfFCc","東京都","Tue Apr 05 16:39:16 JST 2016","35.69080269","139.70027923"
"@HONEY KOCHI（なにわーたん）","I'm at 垂水駅 (Tarumi Sta.) in 神戸市垂水区, 兵庫県 https://t.co/CyZdobQ9OL","兵庫県","Tue Apr 05 16:39:19 JST 2016","34.62967034","135.05341356"
"@部族さんチーム","I'm at アニメイト郡山 - @animatekoriyama in 郡山市, 福島県 https://t.co/nNwKTNR3PM","福島県","Tue Apr 05 16:39:20 JST 2016","37.39693426","140.38736165"
"@Ｒ＠りょーちゃん","I'm at カインズホーム 町田多摩境店 in 町田市, 東京都 https://t.co/0l5SVndiCm","東京都","Tue Apr 05 16:39:20 JST 2016","35.60141578","139.37498331"
"@猫姫","I'm at JR小倉駅 3-4番線ホーム in 北九州市, 福岡県 https://t.co/FLqcYJuA0G","福岡県","Tue Apr 05 16:39:20 JST 2016","33.88684342","130.88314831"
"@ガッシ★音楽活動断念","I'm at 八王子バイパス(Hachioji Bypass) https://t.co/qXgpoQRclF","","Tue Apr 05 16:39:24 JST 2016","35.61633795","139.34172297"
"@つーじーわい","I'm at ローソン 大津栄町店 - @akiko_lawson in 大津市, 滋賀県 https://t.co/I5IMpu9LHg","滋賀県","Tue Apr 05 16:39:24 JST 2016","34.97696194","135.9003277"
"@ｼｬｯﾁﾊﾞﾝ@GAN S納車待ち","I'm at 丸の内ビルディング (丸ビル / Marunouchi Building) - @pr_marunouchi in Chiyoda, 東京都 https://t.co/HxTKuhMsdR","東京都","Tue Apr 05 16:39:26 JST 2016","35.68100399","139.76383924"
"@ボコアラ@マッ缶","I'm at アニメイト郡山 - @animatekoriyama in 郡山市, 福島県 w/ @fs_cla_qs https://t.co/24vnBbKMiz","福島県","Tue Apr 05 16:39:26 JST 2016","37.39693426","140.38736165"
"@ウズキアオバ","I'm at 座間市役所 in 座間市, 神奈川県 https://t.co/0HlG8G4bXT","神奈川県","Tue Apr 05 16:39:26 JST 2016","35.48862921","139.40766335"
"@すたすと","I'm at 池袋駅 (Ikebukuro Sta.) in 豊島区, 東京都 https://t.co/ITP1IIwlBc","東京都","Tue Apr 05 16:39:26 JST 2016","35.73046545","139.71132052"
"@ノラNora@地獄のフブキ","I'm at K-BOOKS 池袋同人館 in 豊島区, 東京都 https://t.co/lGJBogWgDx","東京都","Tue Apr 05 16:39:27 JST 2016","35.73123243","139.71860127"
"@将","I'm at 野川桜ライトアップ in 調布市, 東京都 https://t.co/BdmZsWLHSl","東京都","Tue Apr 05 16:39:30 JST 2016","35.65720505","139.55534265"
"@せ","I'm at スペースV1 廿日市店 in 廿日市市, 広島県 https://t.co/LYzNmrQZET","広島県","Tue Apr 05 16:39:34 JST 2016","34.35179142","132.33401835"
"@ゆた","I'm at 太一商店 熊本店 in 熊本市, 熊本県 w/ @otaku_towa https://t.co/CjELX70jRj","熊本県","Tue Apr 05 16:39:38 JST 2016","32.82629374","130.78936636"
"@かれあやモザイク(CV:条河麻耶)","I'm at らしんばん 大阪日本橋店 - @lashin_osaka in 大阪市, 大阪府 https://t.co/EGW1dN1frp","大阪府","Tue Apr 05 16:39:39 JST 2016","34.66049886","135.50466299"
"@かれあやモザイク(CV:条河麻耶)","I'm at メロンブックス 大阪日本橋店 - @melon_kinki in 大阪市, 大阪府 https://t.co/mL2ecLLdsq","大阪府","Tue Apr 05 16:39:47 JST 2016","34.6605474","135.50445378"
"@ノラNora@地獄のフブキ","I'm at らしんばん 池袋本店 - @lashin_honten in 豊島区, 東京都 https://t.co/8Ny8WqKDoR","東京都","Tue Apr 05 16:39:47 JST 2016","35.73027741","139.71772671"
"@ʚ❤ɞ","I'm at PANCAKE CAFE fulfill (フルフィル) in 大阪市北区, 大阪府 https://t.co/ZrdBmVIVn5","大阪府","Tue Apr 05 16:39:50 JST 2016","34.70826507","135.51109493"
"@エヤ","I'm at JR 森ノ宮駅 (Morinomiya Sta.) in 大阪市, 大阪府 https://t.co/MZu6x0xxnt","大阪府","Tue Apr 05 16:39:50 JST 2016","34.68072297","135.53395271"
"@でぶすｹｿﾃｨｰ","I'm at 大丸ピーコック 芦屋川西店 in 芦屋市, 兵庫県 https://t.co/h8cSZNovDV","兵庫県","Tue Apr 05 16:39:54 JST 2016","34.73072376","135.30091166"
"@生クリーム","I'm at みどり湖PA (上り) in 塩尻市, 長野県 https://t.co/urTqenBlII","長野県","Tue Apr 05 16:39:55 JST 2016","36.09940559","137.99602346"
"@tsuyoshi@4/3-6中国、九州","I'm at 塚原温泉・火口乃泉 in 由布市, 大分県 https://t.co/QMpkNp0J3d","大分県","Tue Apr 05 16:39:56 JST 2016","33.31354192","131.4216941"
